Accession,BGC,Size-BGC,BGC_type
NC_000958.1,OOHEMKKK_1.region001,20252,RiPPs
NC_001949.1,IKFNACEA_1.region001,27967,RiPPs
NC_001988.2,KANEOBAG_1.region001,12220,RiPPs
NC_002119.1,DIDPCDMM_1.region001,8119,RiPPs
NC_002147.1,NLDCKJLN_1.region001,20636,Others
NC_002377.1,KGIPFBHM_1.region001,20639,Others
NC_002575.1,DHFEMKDC_1.region001,20624,Others
NC_002608.1,JJCAKLPO_1.region001,15813,Others
NC_002608.1,JJCAKLPO_1.region002,20348,RiPPs
NC_002679.1,OBLHCMIE_1.region001,86479,Others
NC_002682.1,EPHBOOGK_1.region001,20609,Others
NC_003037.1,NMDONEJB_1.region001,15497,Others
NC_003065.3,NBLBDPCD_1.region001,20636,Others
NC_003078.1,NODGHPDM_1.region001,22188,RiPPs
NC_003078.1,NODGHPDM_1.region002,10930,RiPPs
NC_003080.1,JNDKBBEM_1.region001,10159,RiPPs
NC_003140.1,KBNJNMKH_1.region001,10294,RiPPs
NC_003265.1,MMEIJIJL_1.region001,23084,RiPPs
NC_003276.1,GCEFEIJN_1.region001,19731,RiPPs
NC_003296.1,PFBGIKLE_1.region001,49151,NRPS
NC_003296.1,PFBGIKLE_1.region002,44886,Others
NC_003296.1,PFBGIKLE_1.region003,16711,Others
NC_003296.1,PFBGIKLE_1.region004,78531,PKS-NRP_Hybrids
NC_003296.1,PFBGIKLE_1.region005,20555,Others
NC_003296.1,PFBGIKLE_1.region006,10879,RiPPs
NC_003296.1,PFBGIKLE_1.region007,42814,NRPS
NC_003320.2,PPFFACIO_1.region001,12157,RiPPs
NC_003458.1,LPDEOMHG_1.region001,12160,RiPPs
NC_004041.2,DFHJDDNP_1.region001,41053,PKSother
NC_004041.2,DFHJDDNP_1.region002,20273,RiPPs
NC_004041.2,DFHJDDNP_1.region003,12148,RiPPs
NC_004320.1,IFMCNCOF_1.region001,10546,RiPPs
NC_004574.1,EJEJOAOP_1.region001,20603,Others
NC_004774.1,KNINPGIN_1.region001,10159,RiPPs
NC_004808.2,MDFLFNKM_1.region001,185586,Others
NC_004832.1,JMACHPLH_1.region001,8971,RiPPs
NC_004955.1,KEKPMDDA_1.region001,8515,RiPPs
NC_005004.1,DCECMNBK_1.region001,12227,RiPPs
NC_005010.1,PKMILJJD_1.region001,8158,RiPPs
NC_005011.1,JJPBHPGF_1.region001,10294,RiPPs
NC_005207.3,FPMPMNMM_1.region001,20978,RiPPs
NC_005241.1,MMPDHLKJ_1.region001,14863,Others
NC_005249.1,MLDNFBKK_1.region001,14463,Others
NC_005250.1,OBEHFLOJ_1.region001,32009,NRPS
NC_005838.1,LPEMEBIM_1.region001,20852,Terpene
NC_005863.1,ANJEHEOI_1.region001,62970,Others
NC_005916.1,EJDHDNJA_1.region001,151539,PKSother
NC_005951.1,OAKJPNKM_1.region001,7618,RiPPs
NC_006365.1,CAEEAOHM_1.region001,22089,RiPPs
NC_006366.1,KKFNOOPC_1.region001,21821,RiPPs
NC_006462.1,PPMDBFIJ_1.region001,20870,Terpene
NC_006569.1,GKIIKEGA_1.region001,10786,Others
NC_006625.1,LIAKJJEO_1.region001,14463,Others
NC_007171.1,CLIGDELG_1.region001,8180,NRPS
NC_007182.1,LOBJHDKM_1.region001,18815,Others
NC_007183.1,HPLHNJBH_1.region001,18815,Others
NC_007274.1,DPNACLNG_1.region001,20936,Others
NC_007675.1,PLAILGJG_1.region001,14415,Others
NC_007713.1,EFEFMPGG_1.region001,18815,Others
NC_007762.1,JDBJMHKB_1.region001,18064,Others
NC_007762.1,JDBJMHKB_1.region002,14722,Others
NC_007765.1,DENHKDIC_1.region001,22003,RiPPs
NC_007766.1,BLIBLAOK_1.region001,55076,Others
NC_007772.1,CEPJBIIG_1.region001,26155,RiPPs
NC_007773.1,PGPNKDOI_1.region001,41869,NRPS
NC_007930.1,EAIJMHKK_1.region001,15645,RiPPs
NC_007959.1,KCIDAKFH_1.region001,41053,PKSother
NC_007960.1,ODCGLFJL_1.region001,20624,Others
NC_007961.1,IOEDBMIF_1.region001,20624,Others
NC_007961.1,IOEDBMIF_1.region002,10897,RiPPs
NC_007974.2,CCBEFLDD_1.region001,20946,Terpene
NC_007974.2,CCBEFLDD_1.region002,20432,Others
NC_007974.2,CCBEFLDD_1.region003,43621,Others
NC_007974.2,CCBEFLDD_1.region004,10837,RiPPs
NC_007974.2,CCBEFLDD_1.region005,21062,Terpene
NC_008269.1,BEAPPPEE_1.region001,44461,NRPS
NC_008270.1,PPPBDAPC_1.region001,26578,Others
NC_008378.1,LFEEKLFB_1.region001,43993,NRPS
NC_008381.1,ADAAFBNF_1.region001,21461,RiPPs
NC_008381.1,ADAAFBNF_1.region002,20549,Others
NC_008382.1,OFEDENFK_1.region001,20615,Others
NC_008384.1,NAIMKMBA_1.region001,20116,RiPPs
NC_008384.1,NAIMKMBA_1.region002,22003,RiPPs
NC_008503.1,IMAAIIAC_1.region001,8933,RiPPs
NC_008712.1,FBOLGKLA_1.region001,34224,NRPS
NC_008741.1,CFHGODDO_1.region001,62970,Others
NC_009137.1,EEPEEMEB_1.region001,8066,RiPPs
NC_009475.1,OHNMFLLD_1.region001,20636,Others
NC_009496.1,KHPEKLLC_1.region001,16312,RiPPs
NC_009620.1,PMNJDIKF_1.region001,22188,RiPPs
NC_009621.1,IAOCMEMM_1.region001,20621,Others
NC_009621.1,IAOCMEMM_1.region002,38019,RiPPs
NC_009622.1,DCFIFIMD_1.region001,93582,Others
NC_009700.1,GPHMLDNC_1.region001,17531,RiPPs
NC_009780.1,OFABCHNB_1.region001,14431,Others
NC_009793.1,BNKEBDAM_1.region001,8729,RiPPs
NC_009837.1,CNNDBKJE_1.region001,14415,Others
NC_009926.1,CEKIOMPI_1.region001,84599,PKS-NRP_Hybrids
NC_009927.1,ECAIDANK_1.region001,21962,RiPPs
NC_009958.1,ELCCJJLK_1.region001,11746,Others
NC_010066.1,BLCLKMBA_1.region001,10294,RiPPs
NC_010076.1,FLPNFDLI_1.region001,10222,RiPPs
NC_010077.1,KLKNKHJA_1.region001,15046,RiPPs
NC_010180.1,KPGPFEAL_1.region001,45660,NRPS
NC_010180.1,KPGPFEAL_1.region002,65933,NRPS
NC_010257.1,CEAOCFJL_1.region001,21053,RiPPs
NC_010282.1,DDIMBJKI_1.region001,8172,RiPPs
NC_010311.1,JLPEONEC_1.region001,27215,RiPPs
NC_010368.1,EAMIEFBA_1.region001,15813,Others
NC_010368.1,EAMIEFBA_1.region002,20348,RiPPs
NC_010408.1,DKBHALFC_1.region001,24309,RiPPs
NC_010409.1,GHIJAIOA_1.region001,13031,Others
NC_010419.1,JNPKCOIF_1.region001,10294,RiPPs
NC_010474.1,MBOMILNL_1.region001,17465,Others
NC_010514.1,GIGOPMLN_1.region001,20654,Others
NC_010517.1,ENNFAKMF_1.region001,20654,Others
NC_010578.1,LAHFFNKP_1.region001,51063,PKSother
NC_010625.1,IBPAANLJ_1.region001,22217,RiPPs
NC_010625.1,IBPAANLJ_1.region002,49869,NRPS
NC_010625.1,IBPAANLJ_1.region003,20282,RiPPs
NC_010627.1,GCCIPLIP_1.region001,44335,NRPS
NC_010629.1,JMHNHDNE_1.region001,7553,RiPPs
NC_010630.1,MHJKPCLD_1.region001,60995,PKS-NRP_Hybrids
NC_010631.1,PHFMMMDC_1.region001,23336,RiPPs
NC_010813.1,AIIALIBF_1.region001,29037,NRPS
NC_010841.1,JNLHENPL_1.region001,20624,Others
NC_010865.1,HCAFPPOA_1.region001,61258,NRPS
NC_010883.1,DJKGFGOJ_1.region001,6750,RiPPs
NC_010924.1,KBKGLNGN_1.region001,55141,NRPS
NC_010929.1,FCOJPLKO_1.region001,20639,Others
NC_010996.1,JBPBIOHA_1.region001,47206,Others
NC_010996.1,JBPBIOHA_1.region002,12148,RiPPs
NC_010997.1,BDIGOCPJ_1.region001,55060,Others
NC_010998.1,EBKCMIKD_1.region001,20783,RiPPs
NC_010998.1,EBKCMIKD_1.region002,22006,RiPPs
NC_011076.1,BFMFAJED_1.region001,14415,Others
NC_011143.1,CICJGKNF_1.region001,16766,Others
NC_011228.1,FLLHLBBF_1.region001,6758,RiPPs
NC_011355.1,FOOJPMGO_1.region001,144801,PKSI
NC_011366.1,GPONHDJJ_1.region001,22003,RiPPs
NC_011368.1,INDPBENG_1.region001,43990,NRPS
NC_011368.1,INDPBENG_1.region002,21494,RiPPs
NC_011655.1,CIAKOHPC_1.region001,58184,NRPS
NC_011738.1,BEDALIAK_1.region001,85474,Others
NC_011738.1,BEDALIAK_1.region002,53878,NRPS
NC_011747.1,FFJDCDJL_1.region001,14415,Others
NC_011758.1,HLFNCFMH_1.region001,21938,Terpene
NC_011839.1,DMIMGGOI_1.region001,7997,RiPPs
NC_011887.1,LNPKHJNF_1.region001,42850,NRPS
NC_011887.1,LNPKHJNF_1.region002,22013,PKSother
NC_011961.1,DELEKDIK_1.region001,24455,RiPPs
NC_011964.1,GGMBIANK_1.region001,14415,Others
NC_011973.1,NJNEEJPP_1.region001,21380,RiPPs
NC_011977.1,HKBIMFJF_1.region001,7577,RiPPs
NC_011980.1,FGKGKIMK_1.region001,14415,Others
NC_011981.1,INCEIGJH_1.region001,75199,PKS-NRP_Hybrids
NC_011981.1,INCEIGJH_1.region002,24467,Others
NC_011982.1,GBJEAKAC_1.region001,10954,Others
NC_011984.1,IACFPKHK_1.region001,10892,Others
NC_011987.1,LEOKHMEA_1.region001,44053,NRPS
NC_011990.1,PMFDMMMM_1.region001,20636,Others
NC_011991.1,HIGINDFF_1.region001,53661,Others
NC_012169.1,GOMJBNPF_1.region001,15543,RiPPs
NC_012181.1,PLFJLAIB_1.region001,19146,RiPPs
NC_012219.1,CBDLFLGI_1.region001,14543,RiPPs
NC_012222.2,IANIJPNA_1.region001,11751,RiPPs
NC_012520.1,LIIIJKJA_1.region001,39481,NRPS
NC_012520.1,LIIIJKJA_1.region002,41833,NRPS
NC_012520.1,LIIIJKJA_1.region003,44458,NRPS
NC_012520.1,LIIIJKJA_1.region004,33879,NRPS
NC_012529.1,BIMIAKCB_1.region001,20942,Terpene
NC_012551.1,MLPCGBHJ_1.region001,17815,RiPPs
NC_012718.1,CNDBJDBK_1.region001,78577,Others
NC_012780.1,DLHJEDKH_1.region001,18407,RiPPs
NC_012780.1,DLHJEDKH_1.region002,25453,RiPPs
NC_012807.1,APAIHKCN_1.region001,12678,Others
NC_012811.1,LDCOLFDC_1.region001,46749,PKSother
NC_012811.1,LDCOLFDC_1.region002,20621,Others
NC_012811.1,LDCOLFDC_1.region003,10822,RiPPs
NC_012853.1,HKAMLLKH_1.region001,20627,Others
NC_012853.1,HKAMLLKH_1.region002,10927,RiPPs
NC_012858.1,GHEOJDCD_1.region001,22003,RiPPs
NC_012882.1,IADBPGFO_1.region001,6751,RiPPs
NC_013164.1,DBDMAPGP_1.region001,49127,Others
NC_013164.1,DBDMAPGP_1.region002,25127,RiPPs
NC_013201.1,DFDBOAEE_1.region001,20557,Others
NC_013290.1,LNMGAJEC_1.region001,10193,RiPPs
NC_013293.1,JLBMIFLI_1.region001,10294,RiPPs
NC_013301.1,KGBPGNLL_1.region001,10294,RiPPs
NC_013303.1,FCNHJFNC_1.region001,10294,RiPPs
NC_013304.1,HLKFMCPM_1.region001,5778,RiPPs
NC_013313.1,EKPOKKHA_1.region001,6277,RiPPs
NC_013317.1,HGAOAEBD_1.region001,10198,RiPPs
NC_013322.1,CBPJJOCG_1.region001,10294,RiPPs
NC_013326.1,PEEAJDFG_1.region001,14071,RiPPs
NC_013331.1,PLOGBLJO_1.region001,9187,RiPPs
NC_013334.1,NGNCLBLK_1.region001,20703,RiPPs
NC_013340.1,GNBDLFOE_1.region001,10294,RiPPs
NC_013348.1,MPHDMFAM_1.region001,13599,RiPPs
NC_013367.1,INGNHBCC_1.region001,8140,RiPPs
NC_013368.1,BECECBIG_1.region001,6673,RiPPs
NC_013377.1,PDKJCCMJ_1.region001,11613,RiPPs
NC_013379.2,JMENCCBF_1.region001,13403,RiPPs
NC_013379.2,JMENCCBF_1.region002,13082,RiPPs
NC_013449.1,PILIJHNG_1.region001,21366,PKSother
NC_013550.1,MKOBNLKL_1.region001,10294,RiPPs
NC_013657.1,FFHHHKNB_1.region001,10150,RiPPs
NC_013744.1,AOOKDFFP_1.region001,21202,RiPPs
NC_013792.1,ODALPCBA_1.region001,21182,RiPPs
NC_013855.1,NEEHNHMH_1.region001,63763,Others
NC_013855.1,NEEHNHMH_1.region002,60876,Others
NC_013855.1,NEEHNHMH_1.region003,85900,NRPS
NC_013855.1,NEEHNHMH_1.region004,31363,RiPPs
NC_013855.1,NEEHNHMH_1.region005,22310,RiPPs
NC_013855.1,NEEHNHMH_1.region006,10918,RiPPs
NC_013858.1,DIDLBGGP_1.region001,22021,RiPPs
NC_013858.1,DIDLBGGP_1.region002,46474,PKSI
NC_013860.1,DKOCGANO_1.region001,56240,NRPS
NC_013923.1,BPOLMEKI_1.region001,20981,Terpene
NC_013964.1,CDHJKBPE_1.region001,15637,Others
NC_014007.1,BJILGENP_1.region001,34763,Others
NC_014023.1,AHKCENJL_1.region001,26511,RiPPs
NC_014025.1,OLDOEPNG_1.region001,42430,Others
NC_014120.1,DJOMFDIF_1.region001,46513,Others
NC_014120.1,DJOMFDIF_1.region002,10901,RiPPs
NC_014159.1,PIHKOGKB_1.region001,48559,NRPS
NC_014172.1,OPNPKNMM_1.region001,61551,Others
NC_014258.1,LPPFDIKL_1.region001,20639,Others
NC_014258.1,LPPFDIKL_1.region002,23562,Terpene
NC_014258.1,LPPFDIKL_1.region003,12355,Others
NC_014298.1,NOFDACOL_1.region001,15332,Others
NC_014309.1,KDCJBHPN_1.region001,54470,NRPS
NC_014309.1,KDCJBHPN_1.region002,44904,Others
NC_014309.1,KDCJBHPN_1.region003,16741,Others
NC_014309.1,KDCJBHPN_1.region004,100566,PKSother
NC_014309.1,KDCJBHPN_1.region005,57181,PKS-NRP_Hybrids
NC_014309.1,KDCJBHPN_1.region006,10879,RiPPs
NC_014310.1,INGFHHFA_1.region001,48979,NRPS
NC_014310.1,INGFHHFA_1.region002,129506,Others
NC_014310.1,INGFHHFA_1.region003,20555,Others
NC_014310.1,INGFHHFA_1.region004,10879,RiPPs
NC_014310.1,INGFHHFA_1.region005,20870,Others
NC_014310.1,INGFHHFA_1.region006,20321,RiPPs
NC_014382.1,DMIOFOIG_1.region001,11536,RiPPs
NC_014533.1,LPEECNBL_1.region001,106656,PKS-NRP_Hybrids
NC_014533.1,LPEECNBL_1.region002,54531,NRPS
NC_014533.1,LPEECNBL_1.region003,10378,Others
NC_014533.1,LPEECNBL_1.region004,31109,RiPPs
NC_014534.1,JFAPMPPB_1.region001,28161,RiPPs
NC_014534.1,JFAPMPPB_1.region002,21059,Others
NC_014544.1,NBJHFPLF_1.region001,21818,RiPPs
NC_014563.1,AEBMKDAP_1.region001,41740,NRPS
NC_014620.1,AIFLNNLK_1.region001,12160,RiPPs
NC_014633.1,ICDNDHFG_1.region001,44645,NRPS
NC_014718.1,DGKIIGJA_1.region001,176763,NRPS
NC_014718.1,DGKIIGJA_1.region002,39835,NRPS
NC_014718.1,DGKIIGJA_1.region003,44762,NRPS
NC_014718.1,DGKIIGJA_1.region004,123896,Others
NC_014718.1,DGKIIGJA_1.region005,113115,Others
NC_014736.1,GFEEOCID_1.region001,23180,Others
NC_014757.1,IDMKIKDM_1.region001,31727,RiPPs
NC_014818.1,LBNBALIM_1.region001,11198,RiPPs
NC_014838.1,NCOEDLBN_1.region001,20878,Terpene
NC_014838.1,NCOEDLBN_1.region002,21446,Others
NC_014838.1,NCOEDLBN_1.region003,22214,Terpene
NC_014839.1,IOLBGLKJ_1.region001,54996,NRPS
NC_015062.1,CDMOGLCK_1.region001,20288,RiPPs
NC_015156.1,GLFONGGF_1.region001,54952,PKS-NRP_Hybrids
NC_015156.1,GLFONGGF_1.region002,21100,Others
NC_015165.1,NKLPLEAF_1.region001,34489,Others
NC_015168.1,DCHKMNHM_1.region001,10849,RiPPs
NC_015169.1,NIJABODM_1.region001,41125,PKSother
NC_015258.1,EIBIBDKH_1.region001,20636,Others
NC_015319.1,PHHLFAAJ_1.region001,14753,RiPPs
NC_015382.1,EEGMJOLC_1.region001,52162,PKS-NRP_Hybrids
NC_015382.1,EEGMJOLC_1.region002,61578,Others
NC_015383.1,OGDBALCG_1.region001,59831,PKS-NRP_Hybrids
NC_015517.1,CGKNKHCP_1.region001,41161,PKSother
NC_015561.1,AECBDMNE_1.region001,22631,RiPPs
NC_015579.1,JIOJKBHJ_1.region001,32487,Others
NC_015583.1,KLLCDMKD_1.region001,41095,PKSother
NC_015592.1,KEBMICAA_1.region001,40999,Others
NC_015595.1,LFCMICLO_1.region001,20612,Others
NC_015597.1,HCFBBLGJ_1.region001,16493,Others
NC_015597.1,HCFBBLGJ_1.region002,11890,Others
NC_015603.1,PCNKOEOI_1.region001,22391,RiPPs
NC_015658.1,CIBIEPJG_1.region001,22679,RiPPs
NC_015685.1,AHCPJIHN_1.region001,20624,Others
NC_015686.1,MDDMDDGK_1.region001,12220,RiPPs
NC_015689.1,NENNIFPH_1.region001,18407,Others
NC_015689.1,NENNIFPH_1.region002,10932,Others
NC_015708.1,BMAANBBP_1.region001,96375,PKS-NRP_Hybrids
NC_015712.1,KFEKPJKC_1.region001,14080,RiPPs
NC_015724.1,MBKPNFII_1.region001,26624,Others
NC_015727.1,LDNBHFPB_1.region001,20444,Others
NC_015727.1,LDNBHFPB_1.region002,22186,RiPPs
NC_015727.1,LDNBHFPB_1.region003,10891,RiPPs
NC_015727.1,LDNBHFPB_1.region004,20672,Others
NC_015741.1,JLMOBGHD_1.region001,19371,Terpene
NC_015742.1,OABCOJMD_1.region001,14619,Others
NC_015951.1,BIKKDNGA_1.region001,64795,Others
NC_015951.1,BIKKDNGA_1.region002,22550,RiPPs
NC_015952.1,CDHGHLKG_1.region001,10744,Others
NC_015963.1,EDHMFGGL_1.region001,12355,Others
NC_015974.1,FDCBFFCE_1.region001,20612,Others
NC_016113.1,OOAEJHLH_1.region001,19870,RiPPs
NC_016113.1,OOAEJHLH_1.region002,41113,NRPS
NC_016113.1,OOAEJHLH_1.region003,18952,Terpene
NC_016113.1,OOAEJHLH_1.region004,56368,Others
NC_016113.1,OOAEJHLH_1.region005,32095,Others
NC_016113.1,OOAEJHLH_1.region006,107174,PKSI
NC_016113.1,OOAEJHLH_1.region007,42919,PKSother
NC_016113.1,OOAEJHLH_1.region008,90871,Others
NC_016113.1,OOAEJHLH_1.region009,21377,Others
NC_016113.1,OOAEJHLH_1.region010,21029,Terpene
NC_016113.1,OOAEJHLH_1.region011,11212,Others
NC_016113.1,OOAEJHLH_1.region012,53118,NRPS
NC_016113.1,OOAEJHLH_1.region013,11788,Others
NC_016113.1,OOAEJHLH_1.region014,33927,NRPS
NC_016113.1,OOAEJHLH_1.region015,73555,PKSI
NC_016113.1,OOAEJHLH_1.region016,47005,PKSI
NC_016585.1,LGEDHJFI_1.region001,32149,Others
NC_016585.1,LGEDHJFI_1.region002,53553,PKSother
NC_016586.1,APFNEPPM_1.region001,48924,NRPS
NC_016586.1,APFNEPPM_1.region002,14938,Others
NC_016586.1,APFNEPPM_1.region003,26453,Others
NC_016586.1,APFNEPPM_1.region004,13577,Others
NC_016587.1,JLAEEDJB_1.region001,22021,RiPPs
NC_016594.1,KIEHNGPC_1.region001,21657,Terpene
NC_016594.1,KIEHNGPC_1.region002,21932,Terpene
NC_016594.1,KIEHNGPC_1.region003,22084,RiPPs
NC_016595.1,CMCDGFIF_1.region001,39842,NRPS
NC_016618.1,AJPBIOMC_1.region001,14742,Others
NC_016618.1,AJPBIOMC_1.region002,50376,NRPS
NC_016623.1,MFPCFGEO_1.region001,41059,PKSother
NC_016623.1,MFPCFGEO_1.region002,22223,RiPPs
NC_016646.1,DMPPGMHF_1.region001,63473,PKSother
NC_016792.1,OEIPHGKI_1.region001,54010,NRPS
NC_016815.1,CKHAJMHC_1.region001,21419,RiPPs
NC_016815.1,CKHAJMHC_1.region002,11035,RiPPs
NC_016815.1,CKHAJMHC_1.region003,22423,RiPPs
NC_016815.1,CKHAJMHC_1.region004,22176,RiPPs
NC_016817.1,PHBAEIFL_1.region001,23565,Terpene
NC_016835.1,DLAHKIDD_1.region001,20288,RiPPs
NC_016982.1,HGBNJEAG_1.region001,11330,RiPPs
NC_017017.1,MGBBJPOA_1.region001,18800,RiPPs
NC_017060.1,AIIPIPPK_1.region001,20288,RiPPs
NC_017202.1,MHKMELEG_1.region001,43018,NRPS
NC_017206.1,KFJBILMM_1.region001,21104,RiPPs
NC_017273.1,GAHIDHCH_1.region001,20852,Terpene
NC_017296.1,KCIEIFJL_1.region001,12220,RiPPs
NC_017311.1,LLHFABHN_1.region001,62970,Others
NC_017323.1,MLJPJPPM_1.region001,10930,RiPPs
NC_017323.1,MLJPJPPM_1.region002,22225,Others
NC_017323.1,MLJPJPPM_1.region003,22188,RiPPs
NC_017324.1,AAPHNBEI_1.region001,15497,Others
NC_017324.1,AAPHNBEI_1.region002,20387,Others
NC_017326.1,EAFJHJKK_1.region001,10930,RiPPs
NC_017326.1,EAFJHJKK_1.region002,22225,Others
NC_017326.1,EAFJHJKK_1.region003,22188,RiPPs
NC_017327.1,MEEMKCFP_1.region001,31628,RiPPs
NC_017327.1,MEEMKCFP_1.region002,20621,Others
NC_017339.1,GNFNIFOG_1.region001,10294,RiPPs
NC_017345.1,NAHGEODF_1.region001,10294,RiPPs
NC_017373.1,AOGPGGNB_1.region001,22156,RiPPs
NC_017499.1,AHCIIIIH_1.region001,15641,RiPPs
NC_017533.1,IDCHLHKI_1.region001,23565,Terpene
NC_017536.1,AMNNAAKF_1.region001,18407,Others
NC_017536.1,AMNNAAKF_1.region002,10932,Others
NC_017539.1,DMGMMNON_1.region001,20624,Others
NC_017541.1,HAKOHPCG_1.region001,14463,Others
NC_017543.1,AOBFAKIF_1.region001,78046,PKS-NRP_Hybrids
NC_017553.1,DNNPCCAF_1.region001,23565,Terpene
NC_017575.1,JIDKFAOF_1.region001,47540,NRPS
NC_017575.1,JIDKFAOF_1.region002,40283,NRPS
NC_017575.1,JIDKFAOF_1.region003,76657,PKSother
NC_017575.1,JIDKFAOF_1.region004,57190,PKS-NRP_Hybrids
NC_017575.1,JIDKFAOF_1.region005,10879,RiPPs
NC_017575.1,JIDKFAOF_1.region006,54453,Others
NC_017585.1,NKBMEBOF_1.region001,46479,PKSI
NC_017585.1,NKBMEBOF_1.region002,73555,PKSI
NC_017585.1,NKBMEBOF_1.region003,32639,NRPS
NC_017585.1,NKBMEBOF_1.region004,11788,Others
NC_017585.1,NKBMEBOF_1.region005,52352,NRPS
NC_017585.1,NKBMEBOF_1.region006,11212,Others
NC_017585.1,NKBMEBOF_1.region007,19881,Terpene
NC_017585.1,NKBMEBOF_1.region008,21377,Others
NC_017585.1,NKBMEBOF_1.region009,93928,Others
NC_017585.1,NKBMEBOF_1.region010,42919,PKSother
NC_017585.1,NKBMEBOF_1.region011,109854,PKSI
NC_017585.1,NKBMEBOF_1.region012,32095,Others
NC_017585.1,NKBMEBOF_1.region013,56368,Others
NC_017585.1,NKBMEBOF_1.region014,21104,Terpene
NC_017585.1,NKBMEBOF_1.region015,62118,Others
NC_017588.1,JJKPBMLM_1.region001,20870,Terpene
NC_017589.1,NOMEDCPC_1.region001,52016,NRPS
NC_017589.1,NOMEDCPC_1.region002,44886,Others
NC_017589.1,NOMEDCPC_1.region003,16717,Others
NC_017589.1,NOMEDCPC_1.region004,78546,PKS-NRP_Hybrids
NC_017589.1,NOMEDCPC_1.region005,20555,Others
NC_017589.1,NOMEDCPC_1.region006,10879,RiPPs
NC_017589.1,NOMEDCPC_1.region007,41101,PKSother
NC_017589.1,NOMEDCPC_1.region008,20321,RiPPs
NC_017659.1,BKIBFGLD_1.region001,14415,Others
NC_017792.1,CBPOCBEH_1.region001,22688,RiPPs
NC_017943.1,LNEIKHMN_1.region001,15615,Others
NC_017943.1,LNEIKHMN_1.region002,29802,RiPPs
NC_017957.2,KPAHDGBB_1.region001,23501,NRPS
NC_017957.2,KPAHDGBB_1.region002,19192,RiPPs
NC_017957.2,KPAHDGBB_1.region003,20141,RiPPs
NC_017957.2,KPAHDGBB_1.region004,20306,RiPPs
NC_017958.1,DBHKOPGE_1.region001,22311,RiPPs
NC_017958.1,DBHKOPGE_1.region002,10861,RiPPs
NC_017958.1,DBHKOPGE_1.region003,94460,NRPS
NC_017958.1,DBHKOPGE_1.region004,20681,Others
NC_017958.1,DBHKOPGE_1.region005,43594,NRPS
NC_017958.1,DBHKOPGE_1.region006,21400,RiPPs
NC_017962.1,GADKHNOI_1.region001,8504,RiPPs
NC_017966.1,OCPIAAOI_1.region001,99316,Others
NC_018022.1,DCHNKBIJ_1.region001,42556,NRPS
NC_018022.1,DCHNKBIJ_1.region002,22613,RiPPs
NC_018265.1,IHGFADJO_1.region001,22028,RiPPs
NC_018265.1,IHGFADJO_1.region002,41161,PKSother
NC_018287.1,NIAHIIBC_1.region001,13568,Others
NC_018291.1,EABKHEID_1.region001,38513,Others
NC_018421.1,HKLIKFOO_1.region001,38511,Others
NC_018422.1,POEODHLD_1.region001,41127,NRPS
NC_018423.1,EEIFMCAG_1.region001,13568,Others
NC_018486.1,FFPJDKCE_1.region001,22147,RiPPs
NC_018499.1,LAPNONJP_1.region001,31883,RiPPs
NC_018510.1,GKDIOBPC_1.region001,10222,RiPPs
NC_018510.1,GKDIOBPC_1.region002,22604,RiPPs
NC_018682.1,OHFHDAJJ_1.region001,10915,Others
NC_018683.1,KJOPFBKL_1.region001,20621,Others
NC_018685.1,JBLNPBDM_1.region001,12217,RiPPs
NC_018688.1,OMMCPNFI_1.region001,21633,RiPPs
NC_018688.1,OMMCPNFI_1.region002,42457,Others
NC_018696.1,DNPMLLGH_1.region001,10891,RiPPs
NC_018701.1,MGIGAAKN_1.region001,22236,Others
NC_018701.1,MGIGAAKN_1.region002,22185,RiPPs
NC_018952.1,FLGGHKEN_1.region001,15044,RiPPs
NC_018953.1,NGEKMBEG_1.region001,7663,RiPPs
NC_018954.1,HDAFFKPO_1.region001,14415,Others
NC_018965.1,AOHKPGNH_1.region001,9403,RiPPs
NC_018966.1,MJNGOBNN_1.region001,14415,Others
NC_018968.1,AGCMCEHF_1.region001,10145,RiPPs
NC_019009.1,OCJJJAMB_1.region001,10294,RiPPs
NC_019018.1,BDBKDHIC_1.region001,23383,PKSother
NC_019088.1,JHNCDDDB_1.region001,21053,RiPPs
NC_019117.1,IBPLGBNE_1.region001,14415,Others
NC_019122.1,BFJJOFJE_1.region001,14415,Others
NC_019156.1,MGJIMAAJ_1.region001,11686,RiPPs
NC_019240.1,BBPNHMEO_1.region001,8347,RiPPs
NC_019257.1,IGCGEHPM_1.region001,15858,RiPPs
NC_019307.1,NNGKFBPC_1.region001,26561,PKSother
NC_019358.1,HGNFOFDI_1.region001,10019,RiPPs
NC_019364.1,HLMBHMDM_1.region001,16888,Terpene
NC_019394.1,FJKNIPLM_1.region001,105528,NRPS
NC_019431.1,JFNFABOD_1.region001,27000,RiPPs
NC_019555.1,EKLBDGEL_1.region001,11013,Others
NC_019561.1,DNFENFGD_1.region001,14724,RiPPs
NC_019700.1,HPBOIHCP_1.region001,34978,NRPS
NC_019727.1,HBBOFOGC_1.region001,27036,RiPPs
NC_019733.1,CAHNBAKN_1.region001,32725,PKSI
NC_019735.1,MMAAHBFD_1.region001,16360,RiPPs
NC_019746.1,FHLPLBDF_1.region001,71266,PKS-NRP_Hybrids
NC_019746.1,FHLPLBDF_1.region002,21899,RiPPs
NC_019746.1,FHLPLBDF_1.region003,61230,PKS-NRP_Hybrids
NC_019774.1,FEPNIFKC_1.region001,10816,RiPPs
NC_019848.2,ABCKLGJG_1.region001,15497,Others
NC_019848.2,ABCKLGJG_1.region002,22224,RiPPs
NC_019848.2,ABCKLGJG_1.region003,11032,RiPPs
NC_019849.2,NHGAGJGD_1.region001,10930,RiPPs
NC_019849.2,NHGAGJGD_1.region002,22230,Others
NC_019849.2,NHGAGJGD_1.region003,22188,RiPPs
NC_020050.1,AEOHFHIL_1.region001,114851,PKS-NRP_Hybrids
NC_020060.1,AGOOIJKM_1.region001,14619,Others
NC_020061.1,GJJFHJIJ_1.region001,40864,Others
NC_020061.1,GJJFHJIJ_1.region002,14648,Others
NC_020062.1,JPLPOMHM_1.region001,11881,Others
NC_020062.1,JPLPOMHM_1.region002,34095,NRPS
NC_020062.1,JPLPOMHM_1.region003,44092,NRPS
NC_020062.1,JPLPOMHM_1.region004,21877,RiPPs
NC_020182.1,CFKKNKKK_1.region001,7663,RiPPs
NC_020208.1,IKNBDIAG_1.region001,10165,RiPPs
NC_020263.1,GOAFHLMB_1.region001,14431,Others
NC_020271.1,EFNBOBNP_1.region001,14415,Others
NC_020271.1,EFNBOBNP_1.region002,22687,RiPPs
NC_020383.1,OPIHAHHH_1.region001,21104,RiPPs
NC_020385.1,LCCPJAFG_1.region001,56237,NRPS
NC_020393.1,OEEIOMHB_1.region001,43018,NRPS
NC_020394.1,OHPKBPDA_1.region001,97861,Others
NC_020394.1,OHPKBPDA_1.region002,24394,RiPPs
NC_020412.1,IHBEDLGC_1.region001,8338,RiPPs
NC_020522.1,LICNIOFN_1.region001,20738,NRPS
NC_020527.1,PCPLDOAL_1.region001,15497,Others
NC_020542.1,FDHIABAK_1.region001,20612,Others
NC_020548.1,LCBHKLIJ_1.region001,38106,RiPPs
NC_020560.1,MCDDPBIG_1.region001,22188,RiPPs
NC_020560.1,MCDDPBIG_1.region002,10930,RiPPs
NC_020826.1,ADADJLGI_1.region001,35340,NRPS
NC_020827.1,AKHIKMJC_1.region001,9411,RiPPs
NC_021080.1,PHNDAAEB_1.region001,10972,Others
NC_021080.1,PHNDAAEB_1.region002,54586,NRPS
NC_021183.1,OOFOLLEE_1.region001,21452,RiPPs
NC_021209.1,PHGNPPGC_1.region001,20338,Others
NC_021231.1,KEBFEENJ_1.region001,11689,RiPPs
NC_021289.1,BNGNNAAD_1.region001,54533,NRPS
NC_021289.1,BNGNNAAD_1.region002,20282,RiPPs
NC_021289.1,BNGNNAAD_1.region003,42423,Others
NC_021289.1,BNGNNAAD_1.region004,41224,Others
NC_021289.1,BNGNNAAD_1.region005,21062,Terpene
NC_021295.1,JNPBAOPE_1.region001,47632,PKSI
NC_021552.1,JLLPDBFE_1.region001,10294,RiPPs
NC_021656.1,NOMGDBIF_1.region001,6980,RiPPs
NC_021666.1,GDPHCHFO_1.region001,7798,RiPPs
NC_021718.1,PBPKBJAE_1.region001,105528,NRPS
NC_021745.1,LEAGBOPN_1.region001,54441,NRPS
NC_021745.1,LEAGBOPN_1.region002,53503,Others
NC_021745.1,LEAGBOPN_1.region003,44886,Others
NC_021745.1,LEAGBOPN_1.region004,10879,RiPPs
NC_021745.1,LEAGBOPN_1.region005,20555,Others
NC_021745.1,LEAGBOPN_1.region006,59242,PKS-NRP_Hybrids
NC_021745.1,LEAGBOPN_1.region007,42814,NRPS
NC_021815.1,HBMIBPNA_1.region001,55693,PKS-NRP_Hybrids
NC_021886.1,ICHJKGMO_1.region001,5458,Terpene
NC_021908.1,FAOAPEND_1.region001,22003,RiPPs
NC_021909.1,DAAINFHM_1.region001,20273,RiPPs
NC_021909.1,DAAINFHM_1.region002,21155,Terpene
NC_021910.1,BABJEKKM_1.region001,14619,Others
NC_021911.1,JIHEEGNF_1.region001,55030,Others
NC_021989.1,CHFDLKOP_1.region001,7772,RiPPs
NC_022042.1,ABGAGIAP_1.region001,20681,Others
NC_022044.1,EMPEIIGF_1.region001,42847,NRPS
NC_022049.1,PDJPPLNL_1.region001,43858,NRPS
NC_022049.1,PDJPPLNL_1.region002,96900,Others
NC_022111.1,AKBMGJHP_1.region001,20270,RiPPs
NC_022225.1,MMMPHIPH_1.region001,43147,NRPS
NC_022436.1,CBLOBDLH_1.region001,43583,PKSI
NC_022585.1,NKJHHKFN_1.region001,6774,RiPPs
NC_022598.1,ONOMPIPJ_1.region001,27812,RiPPs
NC_022884.1,IDHNCFJL_1.region001,12343,RiPPs
NC_023024.1,OHLGNPEN_1.region001,14431,Others
NC_023138.1,FGMEJBDC_1.region001,38594,Others
NC_023138.1,FGMEJBDC_1.region002,22091,RiPPs
NC_023140.1,MNGJONMB_1.region001,13337,Others
NC_023142.1,HGLGPMGO_1.region001,38474,NRPS
NC_023143.1,BAGKKFEG_1.region001,12910,Others
NC_023286.1,POMKAIGH_1.region001,20675,NRPS
NC_023286.1,POMKAIGH_1.region002,20948,Terpene
NC_023315.1,FBHIDNHA_1.region001,11536,RiPPs
NC_023316.1,KKKDBLHL_1.region001,17856,RiPPs
NC_023325.1,AHKMFNJO_1.region001,6747,RiPPs
NC_023327.1,MHMDLMAJ_1.region001,14415,Others
NC_024962.1,EOCJENEM_1.region001,6077,RiPPs
NC_024984.1,AIPKJIBD_1.region001,11609,RiPPs
NC_024989.1,JLMFOMGM_1.region001,19665,RiPPs
NC_025002.1,CKLPPKIB_1.region001,19665,RiPPs
NC_025024.1,LONMEOMP_1.region001,3672,Others
NC_025179.1,LGHAPHKJ_1.region001,14415,Others
NC_025179.1,LGHAPHKJ_1.region002,22687,RiPPs
NC_025194.1,MGJOICEN_1.region001,8940,RiPPs
NT_187147.1,MNOBPBKI_1.region001,24955,Terpene
NT_187147.1,MNOBPBKI_1.region002,11887,Others
NT_187147.1,MNOBPBKI_1.region003,21416,RiPPs
NT_187148.1,EKCNPIKF_1.region001,42286,NRPS
NT_187148.1,EKCNPIKF_1.region002,20213,Others
NT_187149.1,OGDNLEAL_1.region001,19490,Others
NT_187151.1,NJALLEOG_1.region001,11887,Others
NT_187151.1,NJALLEOG_1.region002,24955,Terpene
NT_187151.1,NJALLEOG_1.region003,12222,RiPPs
NT_187154.1,KGCJMLGK_1.region001,11475,RiPPs
NT_187163.1,ADHDCGFK_1.region001,42286,NRPS
NT_187163.1,ADHDCGFK_1.region002,20213,Others
NT_187164.1,BGDMJFLP_1.region001,20627,Others
NZ_AP012556.1,DONEPEBG_1.region001,79445,NRPS
NZ_AP014640.1,BMPBJFCJ_1.region001,82262,PKS-NRP_Hybrids
NZ_AP014644.1,JOCNNDLM_1.region001,82262,PKS-NRP_Hybrids
NZ_AP014659.1,FHPGFCPA_1.region001,20627,Others
NZ_AP014686.1,LCKHAIBF_1.region001,20630,Others
NZ_AP014688.1,HNGIHFAO_1.region001,20627,Others
NZ_AP014705.1,LHNNOHCN_1.region001,20657,Others
NZ_AP014802.1,COHAAOEF_1.region001,36961,NRPS
NZ_AP014865.1,MDKOKKNP_1.region001,23742,RiPPs
NZ_AP014865.1,MDKOKKNP_1.region002,104536,PKS-NRP_Hybrids
NZ_AP014866.1,IDAMLNFM_1.region001,43015,NRPS
NZ_AP014943.1,HPBFICJA_1.region001,10294,RiPPs
NZ_AP017296.1,BJGENPLA_1.region001,46679,NRPS
NZ_AP017296.1,BJGENPLA_1.region002,51809,NRPS
NZ_AP017296.1,BJGENPLA_1.region003,83728,PKS-NRP_Hybrids
NZ_AP017310.1,LGEOJHAA_1.region001,52159,PKS-NRP_Hybrids
NZ_AP017310.1,LGEOJHAA_1.region002,32808,NRPS
NZ_CP003988.1,AGEJBGJG_1.region001,54339,PKS-NRP_Hybrids
NZ_CP004860.1,HMMIJBOC_1.region001,91179,Others
NZ_CP004860.1,HMMIJBOC_1.region002,21380,RiPPs
NZ_CP004860.1,HMMIJBOC_1.region003,47599,NRPS
NZ_CP004877.1,ACOOPHIB_1.region001,77261,Others
NZ_CP004877.1,ACOOPHIB_1.region002,21380,RiPPs
NZ_CP004877.1,ACOOPHIB_1.region003,47599,NRPS
NZ_CP005085.1,EOGGOPJM_1.region001,10414,Others
NZ_CP005085.1,EOGGOPJM_1.region002,17007,Others
NZ_CP005085.1,EOGGOPJM_1.region003,20612,Others
NZ_CP005190.1,CEGNAPEP_1.region001,20633,Others
NZ_CP005931.1,MBJILJPM_1.region001,14415,Others
NZ_CP005961.1,HACACPEB_1.region001,10846,RiPPs
NZ_CP006368.1,GIHJEFHE_1.region001,34062,NRPS
NZ_CP006369.1,CLIHHJBH_1.region001,13490,Others
NZ_CP006582.1,ENOFCDHK_1.region001,11974,RiPPs
NZ_CP006582.1,ENOFCDHK_1.region002,21533,RiPPs
NZ_CP006583.1,BBFAJNIH_1.region001,20717,Others
NZ_CP006635.1,BIEEKKKO_1.region001,14415,Others
NZ_CP006684.1,PMFJEPJN_1.region001,41161,PKSother
NZ_CP006843.1,ECFDGNHP_1.region001,20267,RiPPs
NZ_CP006878.1,MONHAMBK_1.region001,14608,Others
NZ_CP006879.1,MNPPNLIK_1.region001,20273,RiPPs
NZ_CP006879.1,MNPPNLIK_1.region002,12034,Others
NZ_CP006879.1,MNPPNLIK_1.region003,14665,Others
NZ_CP006880.1,KJCFHABF_1.region001,49472,PKS-NRP_Hybrids
NZ_CP006880.1,KJCFHABF_1.region002,11887,Others
NZ_CP006880.1,KJCFHABF_1.region003,22155,RiPPs
NZ_CP006880.1,KJCFHABF_1.region004,21847,RiPPs
NZ_CP006919.1,ONGBKENO_1.region001,9985,RiPPs
NZ_CP006928.1,NDKGPMJP_1.region001,11246,RiPPs
NZ_CP006987.1,LCBAJPGI_1.region001,14657,Others
NZ_CP006988.1,IFBGCBGM_1.region001,20273,RiPPs
NZ_CP006988.1,IFBGCBGM_1.region002,14609,Others
NZ_CP006989.1,CAHHMMEK_1.region001,20481,RiPPs
NZ_CP006989.1,CAHHMMEK_1.region002,22006,RiPPs
NZ_CP006990.1,PCKLKJHG_1.region001,55678,Others
NZ_CP007046.1,MNEBOGEC_1.region001,43993,NRPS
NZ_CP007047.1,BPJEJJNG_1.region001,20410,RiPPs
NZ_CP007047.1,BPJEJJNG_1.region002,21974,RiPPs
NZ_CP007048.1,JHMOKPPF_1.region001,25608,Others
NZ_CP007056.1,NFNJBKKN_1.region001,19642,Others
NZ_CP007068.1,IJJFJIGJ_1.region001,62872,Others
NZ_CP007069.1,JLOLPNLH_1.region001,22099,RiPPs
NZ_CP007070.1,HJNCOMAP_1.region001,20205,Others
NZ_CP007070.1,HJNCOMAP_1.region002,20690,Others
NZ_CP007209.1,LOKNFLOP_1.region001,18609,Terpene
NZ_CP007228.1,KPIEJLMI_1.region001,20639,Others
NZ_CP007238.1,KPPKEINE_1.region001,20636,Others
NZ_CP007239.1,FNNNKKHF_1.region001,22012,RiPPs
NZ_CP007257.1,HNPHNEAG_1.region001,34083,NRPS
NZ_CP007513.1,GAEIHDKK_1.region001,12924,RiPPs
NZ_CP007513.1,GAEIHDKK_1.region002,26397,RiPPs
NZ_CP007513.1,GAEIHDKK_1.region003,44882,NRPS
NZ_CP007513.1,GAEIHDKK_1.region004,20720,NRPS
NZ_CP007513.1,GAEIHDKK_1.region005,107541,Others
NZ_CP007515.1,BLALIILB_1.region001,42736,NRPS
NZ_CP007516.1,MACPDCLF_1.region001,21122,Terpene
NZ_CP007553.1,LOHGLNFF_1.region001,29802,RiPPs
NZ_CP007553.1,LOHGLNFF_1.region002,15615,Others
NZ_CP007616.1,JFKLEJFN_1.region001,46277,NRPS
NZ_CP007616.1,JFKLEJFN_1.region002,21380,RiPPs
NZ_CP007616.1,JFKLEJFN_1.region003,91429,Others
NZ_CP007642.1,BIAHJNFB_1.region001,20449,RiPPs
NZ_CP007642.1,BIAHJNFB_1.region002,22006,RiPPs
NZ_CP007643.1,NLPEHHGA_1.region001,41053,PKSother
NZ_CP007643.1,NLPEHHGA_1.region002,40909,Others
NZ_CP007643.1,NLPEHHGA_1.region003,12148,RiPPs
NZ_CP007644.1,BGFJAKJK_1.region001,55638,Others
NZ_CP007645.1,PBPKHOHP_1.region001,11026,RiPPs
NZ_CP007647.1,GBAJABMA_1.region001,16160,RiPPs
NZ_CP007671.1,FKLBLEIH_1.region001,6665,RiPPs
NZ_CP007673.1,ELBJGEJI_1.region001,8555,RiPPs
NZ_CP007675.1,JFGPBJCH_1.region001,10294,RiPPs
NZ_CP007677.1,OFDGEILB_1.region001,16590,RiPPs
NZ_CP007678.1,MMKBJJLD_1.region001,18272,RiPPs
NZ_CP007728.1,KHIKOAMN_1.region001,11686,RiPPs
NZ_CP007794.1,BACFJHCI_1.region001,21584,Terpene
NZ_CP007794.1,BACFJHCI_1.region002,21932,Terpene
NZ_CP007794.1,BACFJHCI_1.region003,22086,RiPPs
NZ_CP007795.1,BGMHENLE_1.region001,47110,NRPS
NZ_CP007795.1,BGMHENLE_1.region002,32021,Others
NZ_CP007795.1,BGMHENLE_1.region003,14742,Others
NZ_CP007795.1,BGMHENLE_1.region004,47191,NRPS
NZ_CP007796.1,NKFOMPED_1.region001,115242,PKSother
NZ_CP008715.1,DILBDLOI_1.region001,14415,Others
NZ_CP008814.1,EHNNIJNP_1.region001,12151,RiPPs
NZ_CP008815.1,HNFEAKAG_1.region001,17931,RiPPs
NZ_CP008828.1,IBMCLFCA_1.region001,11686,RiPPs
NZ_CP008839.1,GKFLFICE_1.region001,20960,Others
NZ_CP009047.1,GALCOEDN_1.region001,20705,NRPS
NZ_CP009055.1,JAIIAIBM_1.region001,10150,RiPPs
NZ_CP009074.1,CNLNIFIK_1.region001,19967,RiPPs
NZ_CP009112.1,ACGECIJK_1.region001,32414,Others
NZ_CP009112.1,ACGECIJK_1.region002,10927,Others
NZ_CP009123.1,DELIPAOB_1.region001,22399,RiPPs
NZ_CP009145.1,BHCDIDHF_1.region001,20621,Others
NZ_CP009146.1,EAAONCJO_1.region001,10930,RiPPs
NZ_CP009146.1,EAAONCJO_1.region002,22188,RiPPs
NZ_CP009155.1,NCPLKNKK_1.region001,41094,Others
NZ_CP009155.1,NCPLKNKK_1.region002,36111,NRPS
NZ_CP009266.1,EHCMIOGD_1.region001,56268,PKS-NRP_Hybrids
NZ_CP009292.1,EBBNPKPF_1.region001,42649,Others
NZ_CP009292.1,EBBNPKPF_1.region002,41095,PKSother
NZ_CP009332.1,OBFCOECD_1.region001,26474,RiPPs
NZ_CP009336.1,DMICJNIG_1.region001,166977,PKS-NRP_Hybrids
NZ_CP009349.1,DKIIKHCI_1.region001,21629,RiPPs
NZ_CP009349.1,DKIIKHCI_1.region002,124443,Others
NZ_CP009350.1,HPEKBPCF_1.region001,22604,RiPPs
NZ_CP009362.1,OJIBINJB_1.region001,10294,RiPPs
NZ_CP009368.1,BKEJMFAD_1.region001,65909,NRPS
NZ_CP009430.1,KINEBFIB_1.region001,28515,Others
NZ_CP009430.1,KINEBFIB_1.region002,22378,RiPPs
NZ_CP009432.1,MBKMBDEI_1.region001,18516,RiPPs
NZ_CP009433.1,CJIKLDHE_1.region001,30932,PKS-NRP_Hybrids
NZ_CP009433.1,CJIKLDHE_1.region002,30656,PKSI
NZ_CP009547.1,IOHDAJCM_1.region001,120535,Others
NZ_CP009579.1,ANDCJFEO_1.region001,14415,Others
NZ_CP009595.1,LOIMANGC_1.region001,23213,RiPPs
NZ_CP009606.1,IMKLDCNA_1.region001,23213,RiPPs
NZ_CP009627.1,NONMBBCA_1.region001,25788,RiPPs
NZ_CP009639.1,LNBLDMBJ_1.region001,12184,RiPPs
NZ_CP009691.1,KPNHBCAF_1.region001,65936,NRPS
NZ_CP009719.1,IMNHMGPK_1.region001,12335,RiPPs
NZ_CP009763.1,MGEJIPOJ_1.region001,53752,NRPS
NZ_CP009763.1,MGEJIPOJ_1.region002,44886,Others
NZ_CP009763.1,MGEJIPOJ_1.region003,52822,Others
NZ_CP009763.1,MGEJIPOJ_1.region004,84867,PKS-NRP_Hybrids
NZ_CP009763.1,MGEJIPOJ_1.region005,20555,Others
NZ_CP009763.1,MGEJIPOJ_1.region006,10879,RiPPs
NZ_CP009763.1,MGEJIPOJ_1.region007,42814,NRPS
NZ_CP009772.1,KPCFEEPJ_1.region001,7663,RiPPs
NZ_CP009778.1,NOIGIGHA_1.region001,11686,RiPPs
NZ_CP009860.1,KGIPKFOE_1.region001,14415,Others
NZ_CP009877.1,ABDLLHLD_1.region001,11686,RiPPs
NZ_CP009921.1,DPBDCGGO_1.region001,23051,RiPPs
NZ_CP009998.1,CMGDJCKI_1.region001,21380,RiPPs
NZ_CP009998.1,CMGDJCKI_1.region002,105750,Others
NZ_CP010016.1,FMEJHPPB_1.region001,18520,RiPPs
NZ_CP010024.1,BJGFLODL_1.region001,10494,RiPPs
NZ_CP010090.1,NCAJBEPH_1.region001,81032,Others
NZ_CP010090.1,NCAJBEPH_1.region002,21380,RiPPs
NZ_CP010090.1,NCAJBEPH_1.region003,47599,NRPS
NZ_CP010090.1,NCAJBEPH_1.region004,20495,RiPPs
NZ_CP010104.1,LIFPMECK_1.region001,40700,NRPS
NZ_CP010111.1,LHJCCBJE_1.region001,12247,RiPPs
NZ_CP010112.1,OGGOOOEL_1.region001,83134,PKS-NRP_Hybrids
NZ_CP010112.1,OGGOOOEL_1.region002,42457,Others
NZ_CP010112.1,OGGOOOEL_1.region003,21633,RiPPs
NZ_CP010126.1,GJHMLFJL_1.region001,11536,RiPPs
NZ_CP010127.1,EOKCOCKB_1.region001,22688,RiPPs
NZ_CP010141.1,MDNDHAPC_1.region001,14415,Others
NZ_CP010147.1,KJGAFBNN_1.region001,14415,Others
NZ_CP010149.1,BOGCBOEG_1.region001,14415,Others
NZ_CP010158.1,OJLJBPME_1.region001,14415,Others
NZ_CP010179.1,COMCPJGA_1.region001,10807,RiPPs
NZ_CP010189.1,EMMPCGOA_1.region001,6038,RiPPs
NZ_CP010198.1,DPCCFJGI_1.region001,6037,RiPPs
NZ_CP010204.1,MBIBCHMN_1.region001,3904,RiPPs
NZ_CP010210.1,IGGFIFDB_1.region001,6038,RiPPs
NZ_CP010217.1,CPCJHLDL_1.region001,6036,RiPPs
NZ_CP010225.1,KCLNBCGC_1.region001,7947,RiPPs
NZ_CP010270.1,MDDGLMJB_1.region001,93095,NRPS
NZ_CP010316.1,LIFECKNM_1.region001,14415,Others
NZ_CP010372.1,GNGMMCOK_1.region001,5789,Others
NZ_CP010372.1,GNGMMCOK_1.region002,8390,Others
NZ_CP010408.1,NPEBEHLO_1.region001,22557,RiPPs
NZ_CP010420.1,JIIDHKEF_1.region001,10900,RiPPs
NZ_CP010421.1,KDHKIJGO_1.region001,56271,NRPS
NZ_CP010956.1,IHOBFAOO_1.region001,20612,Others
NZ_CP010957.1,ODNINDAN_1.region001,20705,Others
NZ_CP010957.1,ODNINDAN_1.region002,10414,Others
NZ_CP010990.1,HHOCPGHB_1.region001,69781,NRPS
NZ_CP010990.1,HHOCPGHB_1.region002,64242,NRPS
NZ_CP010991.1,JGKMEHPL_1.region001,46870,RiPPs
NZ_CP011046.1,AIJIHFBF_1.region001,46150,NRPS
NZ_CP011048.1,FKILDABI_1.region001,14431,Others
NZ_CP011152.1,MAPMFCFE_1.region001,54721,NRPS
NZ_CP011152.1,MAPMFCFE_1.region002,12220,RiPPs
NZ_CP011152.1,MAPMFCFE_1.region003,28861,RiPPs
NZ_CP011152.1,MAPMFCFE_1.region004,103924,PKS-NRP_Hybrids
NZ_CP011154.1,FFOENLOJ_1.region001,103374,PKS-NRP_Hybrids
NZ_CP011154.1,FFOENLOJ_1.region002,28861,RiPPs
NZ_CP011154.1,FFOENLOJ_1.region003,12220,RiPPs
NZ_CP011154.1,FFOENLOJ_1.region004,56237,NRPS
NZ_CP011156.1,KGOLMJAM_1.region001,38428,NRPS
NZ_CP011157.1,NFMDBGAG_1.region001,23174,RiPPs
NZ_CP011249.1,JHBHBPFL_1.region001,20639,Others
NZ_CP011282.1,DDIOKBJN_1.region001,10264,RiPPs
NZ_CP011285.1,PFMDLHHN_1.region001,10375,RiPPs
NZ_CP011350.1,MLIPGIKI_1.region001,21380,RiPPs
NZ_CP011350.1,MLIPGIKI_1.region002,105750,Others
NZ_CP011457.1,NJOHFFIA_1.region001,51077,NRPS
NZ_CP011493.1,OMPHJFIC_1.region001,14415,Others
NZ_CP011513.1,LCABIMDP_1.region001,22403,RiPPs
NZ_CP011515.1,LKLINGLB_1.region001,60756,Others
NZ_CP011527.1,LFHGPCIA_1.region001,5643,RiPPs
NZ_CP011529.1,PHNJBJBE_1.region001,10261,RiPPs
NZ_CP011665.1,ICFBAGJE_1.region001,46318,PKSI
NZ_CP011665.1,ICFBAGJE_1.region002,8091,Others
NZ_CP011665.1,ICFBAGJE_1.region003,10978,Others
NZ_CP011665.1,ICFBAGJE_1.region004,24589,RiPPs
NZ_CP011667.1,INMFMLDN_1.region001,112031,Others
NZ_CP011829.1,AGKDAEPB_1.region001,10264,RiPPs
NZ_CP011831.1,IPCHNHHJ_1.region001,7959,RiPPs
NZ_CP011836.1,DCLDMDAI_1.region001,20426,Others
NZ_CP011869.1,PAHIHNBD_1.region001,66760,PKS-NRP_Hybrids
NZ_CP011948.1,OELBEDAL_1.region001,20386,Others
NZ_CP011949.1,FGCPDOKJ_1.region001,23126,RiPPs
NZ_CP011979.1,DJDCKDJA_1.region001,8619,RiPPs
NZ_CP012100.1,HAOJLBEH_1.region001,47599,NRPS
NZ_CP012101.1,PFAJBOOI_1.region001,12217,RiPPs
NZ_CP012102.1,CAHBOJID_1.region001,32061,RiPPs
NZ_CP012182.1,EGMADAGI_1.region001,21759,Others
NZ_CP012182.1,EGMADAGI_1.region002,30282,Others
NZ_CP012182.1,EGMADAGI_1.region003,16396,Others
NZ_CP012182.1,EGMADAGI_1.region004,72486,PKSother
NZ_CP012182.1,EGMADAGI_1.region005,29669,Others
NZ_CP012182.1,EGMADAGI_1.region006,33974,NRPS
NZ_CP012182.1,EGMADAGI_1.region007,30771,Others
NZ_CP012183.1,DIMMJJGC_1.region001,50910,Others
NZ_CP012185.1,OEKFIFEF_1.region001,31775,Others
NZ_CP012185.1,OEKFIFEF_1.region002,30282,Others
NZ_CP012185.1,OEKFIFEF_1.region003,16396,Others
NZ_CP012185.1,OEKFIFEF_1.region004,33974,NRPS
NZ_CP012185.1,OEKFIFEF_1.region005,31312,Others
NZ_CP012185.1,OEKFIFEF_1.region006,72486,PKSother
NZ_CP012186.1,CLMBGNHO_1.region001,47064,RiPPs
NZ_CP012255.1,MFNCGGLP_1.region001,14431,Others
NZ_CP012258.1,GFHCLGCE_1.region001,14434,Others
NZ_CP012265.1,PIIBELBL_1.region001,14431,Others
NZ_CP012267.1,ACIMNEKE_1.region001,14431,Others
NZ_CP012367.1,LJFILPAN_1.region001,9515,RiPPs
NZ_CP012367.1,LJFILPAN_1.region002,10204,RiPPs
NZ_CP012399.1,LHJPAFIE_1.region001,10939,RiPPs
NZ_CP012399.1,LHJPAFIE_1.region002,42874,NRPS
NZ_CP012434.1,OOKCHPIP_1.region001,7438,RiPPs
NZ_CP012435.1,GMPHGOCH_1.region001,10237,RiPPs
NZ_CP012437.1,FMHNIKHN_1.region001,10264,RiPPs
NZ_CP012441.1,MENPDPGB_1.region001,10264,RiPPs
NZ_CP012446.1,GPHJDEDK_1.region001,9481,RiPPs
NZ_CP012448.1,NHCJFEGG_1.region001,7180,RiPPs
NZ_CP012455.1,ONEKAMGA_1.region001,10264,RiPPs
NZ_CP012461.1,IODPMGGM_1.region001,10264,RiPPs
NZ_CP012467.1,NABMHOFH_1.region001,10264,RiPPs
NZ_CP012472.1,BLANJEJF_1.region001,10264,RiPPs
NZ_CP012493.1,AIKEOMHL_1.region001,10894,RiPPs
NZ_CP012575.1,JILDGCGB_1.region001,24468,RiPPs
NZ_CP012592.1,AJNCAFOO_1.region001,5458,Terpene
NZ_CP012596.1,FGPIHOFP_1.region001,8819,RiPPs
NZ_CP012626.1,DKFLKONN_1.region001,14415,Others
NZ_CP012632.1,LDLEALLO_1.region001,21990,RiPPs
NZ_CP012636.1,MFKMEHKI_1.region001,14415,Others
NZ_CP012688.1,MJFPLJBO_1.region001,54013,NRPS
NZ_CP012688.1,MJFPLJBO_1.region002,55233,Others
NZ_CP012688.1,MJFPLJBO_1.region003,42042,PKSI
NZ_CP012688.1,MJFPLJBO_1.region004,74209,PKS-NRP_Hybrids
NZ_CP012688.1,MJFPLJBO_1.region005,57109,PKS-NRP_Hybrids
NZ_CP012688.1,MJFPLJBO_1.region006,10879,RiPPs
NZ_CP012711.1,LLGLLFJE_1.region001,31365,PKSother
NZ_CP012748.1,DJCAMOMC_1.region001,22211,RiPPs
NZ_CP012748.1,DJCAMOMC_1.region002,10861,RiPPs
NZ_CP012748.1,DJCAMOMC_1.region003,20282,RiPPs
NZ_CP012915.1,KIKEINNE_1.region001,20713,Terpene
NZ_CP012915.1,KIKEINNE_1.region002,22823,Terpene
NZ_CP012915.1,KIKEINNE_1.region003,22071,RiPPs
NZ_CP012916.1,IEKDLCPF_1.region001,14742,Others
NZ_CP012916.1,IEKDLCPF_1.region002,46594,NRPS
NZ_CP012916.1,IEKDLCPF_1.region003,32023,Others
NZ_CP012916.1,IEKDLCPF_1.region004,52591,NRPS
NZ_CP012917.1,HDKILOBM_1.region001,72450,PKSother
NZ_CP012928.1,OFJALONB_1.region001,11536,RiPPs
NZ_CP012940.1,HBJGBMJD_1.region001,86056,Others
NZ_CP012940.1,HBJGBMJD_1.region002,76656,PKSother
NZ_CP012940.1,HBJGBMJD_1.region003,56445,PKS-NRP_Hybrids
NZ_CP012940.1,HBJGBMJD_1.region004,10879,RiPPs
NZ_CP012940.1,HBJGBMJD_1.region005,48694,NRPS
NZ_CP012944.1,LHDFBAAC_1.region001,10879,RiPPs
NZ_CP012944.1,LHDFBAAC_1.region002,56467,PKS-NRP_Hybrids
NZ_CP012944.1,LHDFBAAC_1.region003,100448,PKSother
NZ_CP012944.1,LHDFBAAC_1.region004,85501,Others
NZ_CP012944.1,LHDFBAAC_1.region005,48694,NRPS
NZ_CP012971.1,HMJFJCDI_1.region001,10145,RiPPs
NZ_CP012973.1,HPEOAJJF_1.region001,10145,RiPPs
NZ_CP012975.1,DOKPCEIC_1.region001,10294,RiPPs
NZ_CP012977.1,DOPEIDDJ_1.region001,10294,RiPPs
NZ_CP012980.1,BGCBBPLH_1.region001,10145,RiPPs
NZ_CP013027.1,KBMPDOIE_1.region001,14415,Others
NZ_CP013038.1,OJBDBNPM_1.region001,12569,RiPPs
NZ_CP013045.1,DIEFCIBK_1.region001,12569,RiPPs
NZ_CP013053.1,APAHHFMN_1.region001,20151,RiPPs
NZ_CP013053.1,APAHHFMN_1.region002,10387,Others
NZ_CP013053.1,APAHHFMN_1.region003,46495,NRPS
NZ_CP013053.1,APAHHFMN_1.region004,21524,RiPPs
NZ_CP013053.1,APAHHFMN_1.region005,10621,Others
NZ_CP013054.1,CCDDJLJN_1.region001,22179,RiPPs
NZ_CP013054.1,CCDDJLJN_1.region002,11887,Others
NZ_CP013071.1,AGMCNLAD_1.region001,41065,PKSother
NZ_CP013072.1,ECGFAMEJ_1.region001,20792,Others
NZ_CP013104.1,NPJDCIPH_1.region001,22211,RiPPs
NZ_CP013104.1,NPJDCIPH_1.region002,42844,NRPS
NZ_CP013104.1,NPJDCIPH_1.region003,10924,RiPPs
NZ_CP013104.1,NPJDCIPH_1.region004,20282,RiPPs
NZ_CP013109.1,HLLJCBCH_1.region001,19680,RiPPs
NZ_CP013109.1,HLLJCBCH_1.region002,47047,PKS-NRP_Hybrids
NZ_CP013109.1,HLLJCBCH_1.region003,46495,NRPS
NZ_CP013109.1,HLLJCBCH_1.region004,21524,RiPPs
NZ_CP013109.1,HLLJCBCH_1.region005,10621,Others
NZ_CP013110.1,LDNOAMDG_1.region001,11887,Others
NZ_CP013110.1,LDNOAMDG_1.region002,22182,RiPPs
NZ_CP013110.1,LDNOAMDG_1.region003,48055,PKS-NRP_Hybrids
NZ_CP013139.1,CAAEAHPJ_1.region001,43569,Others
NZ_CP013139.1,CAAEAHPJ_1.region002,46207,NRPS
NZ_CP013238.1,HHILBPMB_1.region001,20351,RiPPs
NZ_CP013238.1,HHILBPMB_1.region002,61421,PKS-NRP_Hybrids
NZ_CP013265.1,ILBBPFDG_1.region001,20612,Others
NZ_CP013266.1,HOEPFBOI_1.region001,10822,RiPPs
NZ_CP013345.1,LNBFHPLG_1.region001,28515,Others
NZ_CP013345.1,LNBFHPLG_1.region002,22378,RiPPs
NZ_CP013381.1,PLFMFPME_1.region001,102870,Others
NZ_CP013412.1,CEKKKANP_1.region001,18520,RiPPs
NZ_CP013415.1,CJGGEFEK_1.region001,41035,Others
NZ_CP013492.1,PKLKIKJI_1.region001,47208,Others
NZ_CP013492.1,PKLKIKJI_1.region002,12148,RiPPs
NZ_CP013493.1,JGIPHMON_1.region001,20443,RiPPs
NZ_CP013493.1,JGIPHMON_1.region002,22003,RiPPs
NZ_CP013494.1,NDKMIMEB_1.region001,55033,Others
NZ_CP013497.1,DPMHKDJL_1.region001,47208,Others
NZ_CP013497.1,DPMHKDJL_1.region002,12148,RiPPs
NZ_CP013498.1,GGNODLNN_1.region001,20443,RiPPs
NZ_CP013498.1,GGNODLNN_1.region002,22003,RiPPs
NZ_CP013499.1,ANMGDOOP_1.region001,55033,Others
NZ_CP013502.1,JFPOMDFF_1.region001,47209,Others
NZ_CP013502.1,JFPOMDFF_1.region002,12148,RiPPs
NZ_CP013503.1,BGHLOCCC_1.region001,20443,RiPPs
NZ_CP013503.1,BGHLOCCC_1.region002,22003,RiPPs
NZ_CP013504.1,HCPMDCDI_1.region001,55034,Others
NZ_CP013508.1,OMNOLJGO_1.region001,47209,Others
NZ_CP013508.1,OMNOLJGO_1.region002,12148,RiPPs
NZ_CP013509.1,MPNGIANH_1.region001,20443,RiPPs
NZ_CP013509.1,MPNGIANH_1.region002,22003,RiPPs
NZ_CP013510.1,OJEBIMCM_1.region001,55033,Others
NZ_CP013514.1,KJNIKGPE_1.region001,48689,Others
NZ_CP013514.1,KJNIKGPE_1.region002,12148,RiPPs
NZ_CP013515.1,HHNPMCDI_1.region001,43990,NRPS
NZ_CP013516.1,AJLLADIE_1.region001,20426,RiPPs
NZ_CP013516.1,AJLLADIE_1.region002,22003,RiPPs
NZ_CP013519.1,LHFGECDP_1.region001,47209,Others
NZ_CP013519.1,LHFGECDP_1.region002,12148,RiPPs
NZ_CP013520.1,JCMEMKJB_1.region001,20443,RiPPs
NZ_CP013520.1,JCMEMKJB_1.region002,22003,RiPPs
NZ_CP013521.1,CDOBCOCP_1.region001,55033,Others
NZ_CP013523.1,KBBCHELO_1.region001,14658,Others
NZ_CP013525.1,CINLNKMB_1.region001,20271,RiPPs
NZ_CP013525.1,CINLNKMB_1.region002,22006,RiPPs
NZ_CP013526.1,JHPLECIP_1.region001,54343,Others
NZ_CP013526.1,JHPLECIP_1.region002,20612,Others
NZ_CP013529.1,GHPFIFBC_1.region001,19822,RiPPs
NZ_CP013529.1,GHPFIFBC_1.region002,22006,RiPPs
NZ_CP013530.1,OAHNMABM_1.region001,41053,PKSother
NZ_CP013530.1,OAHNMABM_1.region002,12148,RiPPs
NZ_CP013531.1,IFDIGADA_1.region001,55040,Others
NZ_CP013534.1,DOCCAILK_1.region001,21283,RiPPs
NZ_CP013534.1,DOCCAILK_1.region002,22006,RiPPs
NZ_CP013535.1,NMOAJBEI_1.region001,41053,PKSother
NZ_CP013535.1,NMOAJBEI_1.region002,12148,RiPPs
NZ_CP013536.1,CHPDKCKH_1.region001,55535,Others
NZ_CP013539.1,IICOCLJM_1.region001,21457,RiPPs
NZ_CP013539.1,IICOCLJM_1.region002,22006,RiPPs
NZ_CP013540.1,PPCGMHEJ_1.region001,41053,PKSother
NZ_CP013540.1,PPCGMHEJ_1.region002,12148,RiPPs
NZ_CP013541.1,GHLLPJMB_1.region001,55060,Others
NZ_CP013544.1,KHMBLPMM_1.region001,21257,PKSother
NZ_CP013544.1,KHMBLPMM_1.region002,7383,RiPPs
NZ_CP013545.1,FEMGOIOP_1.region001,21283,RiPPs
NZ_CP013545.1,FEMGOIOP_1.region002,22006,RiPPs
NZ_CP013546.1,GGCDEHCH_1.region001,55038,Others
NZ_CP013549.1,EGCJGJBC_1.region001,21283,RiPPs
NZ_CP013549.1,EGCJGJBC_1.region002,22006,RiPPs
NZ_CP013550.1,GPBGHPMD_1.region001,41053,PKSother
NZ_CP013550.1,GPBGHPMD_1.region002,7786,RiPPs
NZ_CP013551.1,DEBELJBL_1.region001,55535,Others
NZ_CP013554.1,HHHBJNFF_1.region001,19600,RiPPs
NZ_CP013554.1,HHHBJNFF_1.region002,22006,RiPPs
NZ_CP013555.1,MEMCLCGI_1.region001,12148,RiPPs
NZ_CP013556.1,NHMAMHCG_1.region001,55040,Others
NZ_CP013560.1,GDPAKOLJ_1.region001,21504,RiPPs
NZ_CP013560.1,GDPAKOLJ_1.region002,22006,RiPPs
NZ_CP013561.1,OGEEGNGA_1.region001,48689,Others
NZ_CP013562.1,NHACNENP_1.region001,55040,Others
NZ_CP013565.1,BDODIMLA_1.region001,19600,RiPPs
NZ_CP013565.1,BDODIMLA_1.region002,22006,RiPPs
NZ_CP013566.1,KIPDPIJO_1.region001,12148,RiPPs
NZ_CP013567.1,OPGPAEDE_1.region001,55040,Others
NZ_CP013571.1,AKIMELPB_1.region001,21283,RiPPs
NZ_CP013571.1,AKIMELPB_1.region002,22006,RiPPs
NZ_CP013572.1,LLBKNHCF_1.region001,12148,RiPPs
NZ_CP013573.1,DMECOKNG_1.region001,55038,Others
NZ_CP013577.1,DBNBOGDG_1.region001,21283,RiPPs
NZ_CP013577.1,DBNBOGDG_1.region002,22006,RiPPs
NZ_CP013578.1,EGIKOOJG_1.region001,12148,RiPPs
NZ_CP013579.1,JPBIDIMN_1.region001,55038,Others
NZ_CP013582.1,CFECODDJ_1.region001,19822,RiPPs
NZ_CP013582.1,CFECODDJ_1.region002,22006,RiPPs
NZ_CP013583.1,AFHGOHJC_1.region001,41053,PKSother
NZ_CP013583.1,AFHGOHJC_1.region002,12148,RiPPs
NZ_CP013584.1,PLGOPGEJ_1.region001,55040,Others
NZ_CP013587.1,EJLHOGJI_1.region001,41053,PKSother
NZ_CP013587.1,EJLHOGJI_1.region002,12148,RiPPs
NZ_CP013588.1,IBGHODDJ_1.region001,21023,RiPPs
NZ_CP013588.1,IBGHODDJ_1.region002,22006,RiPPs
NZ_CP013589.1,MJLJDAHM_1.region001,55038,Others
NZ_CP013592.1,DKEPOGEK_1.region001,47209,Others
NZ_CP013592.1,DKEPOGEK_1.region002,12148,RiPPs
NZ_CP013593.1,EKPNHBID_1.region001,20443,RiPPs
NZ_CP013593.1,EKPNHBID_1.region002,22003,RiPPs
NZ_CP013594.1,PBGCFOCN_1.region001,55034,Others
NZ_CP013598.1,OGCKAECE_1.region001,47209,Others
NZ_CP013598.1,OGCKAECE_1.region002,12148,RiPPs
NZ_CP013599.1,IHMHMGJF_1.region001,20443,RiPPs
NZ_CP013599.1,IHMHMGJF_1.region002,22003,RiPPs
NZ_CP013600.1,BCPJPNDK_1.region001,55033,Others
NZ_CP013604.1,ALGAIIAC_1.region001,48689,Others
NZ_CP013604.1,ALGAIIAC_1.region002,12148,RiPPs
NZ_CP013605.1,PHOPFHJI_1.region001,43990,NRPS
NZ_CP013606.1,NCMNPOKE_1.region001,20426,RiPPs
NZ_CP013606.1,NCMNPOKE_1.region002,22003,RiPPs
NZ_CP013633.1,NENJEPCM_1.region001,41053,PKSother
NZ_CP013633.1,NENJEPCM_1.region002,20273,RiPPs
NZ_CP013633.1,NENJEPCM_1.region003,12148,RiPPs
NZ_CP013634.1,NDAHLNGE_1.region001,22105,RiPPs
NZ_CP013635.1,NECEKLIG_1.region001,58516,Others
NZ_CP013639.1,HILEGCCJ_1.region001,41053,PKSother
NZ_CP013639.1,HILEGCCJ_1.region002,20273,RiPPs
NZ_CP013639.1,HILEGCCJ_1.region003,12148,RiPPs
NZ_CP013641.1,LDOHDHPO_1.region001,22105,RiPPs
NZ_CP013642.1,KKBLCALC_1.region001,58516,Others
NZ_CP013646.1,NCAHJAEN_1.region001,41053,PKSother
NZ_CP013646.1,NCAHJAEN_1.region002,20273,RiPPs
NZ_CP013646.1,NCAHJAEN_1.region003,12148,RiPPs
NZ_CP013648.1,AMHGGMFE_1.region001,22105,RiPPs
NZ_CP013649.1,HGKFOMJK_1.region001,58516,Others
NZ_CP013716.1,DONEGPIN_1.region001,11053,Terpene
NZ_CP013716.1,DONEGPIN_1.region002,20876,Terpene
NZ_CP013739.1,PGGGLHND_1.region001,96418,PKS-NRP_Hybrids
NZ_CP013744.1,IAGLAAAE_1.region001,23527,RiPPs
NZ_CP013746.1,LNKCGNLN_1.region001,22183,Others
NZ_CP013746.1,LNKCGNLN_1.region002,20903,Others
NZ_CP013832.1,OIOCEJKD_1.region001,14414,Others
NZ_CP013855.1,GCKAKNKO_1.region001,85638,PKS-NRP_Hybrids
NZ_CP013855.1,GCKAKNKO_1.region002,74555,PKSI
NZ_CP013855.1,GCKAKNKO_1.region003,49177,PKSother
NZ_CP013856.1,FPFJDJOK_1.region001,22645,RiPPs
NZ_CP013856.1,FPFJDJOK_1.region002,72480,PKSother
NZ_CP013917.1,APGOOCFO_1.region001,10840,RiPPs
NZ_CP013929.1,JGKPGEOD_1.region001,105581,NRPS
NZ_CP013941.1,FJKKNGLF_1.region001,14431,Others
NZ_CP013954.1,IBBOLPPC_1.region001,10168,RiPPs
NZ_CP013956.1,KIGIGCHE_1.region001,10294,RiPPs
NZ_CP014009.1,HHGFJGEE_1.region001,14463,Others
NZ_CP014011.1,PKLDKLEH_1.region001,14463,Others
NZ_CP014063.1,BKJLGLLE_1.region001,15044,RiPPs
NZ_CP014098.1,KKPKHLCF_1.region001,7616,RiPPs
NZ_CP014142.1,JADHCIPA_1.region001,20870,Terpene
NZ_CP014169.1,ICLJCFPO_1.region001,22396,RiPPs
NZ_CP014208.1,OFGJFEBH_1.region001,23565,Terpene
NZ_CP014238.1,DJNPKBME_1.region001,14917,Others
NZ_CP014283.1,PKHLNDEH_1.region001,142578,PKS-NRP_Hybrids
NZ_CP014284.1,BAEOCEBO_1.region001,21380,RiPPs
NZ_CP014289.1,ILPIOKAA_1.region001,46165,PKS-NRP_Hybrids
NZ_CP014308.1,DPOIPOBG_1.region001,43102,NRPS
NZ_CP014309.1,DMEOBKGL_1.region001,43102,NRPS
NZ_CP014310.1,IMALJBKF_1.region001,10843,RiPPs
NZ_CP014489.1,KOFPJHJL_1.region001,14415,Others
NZ_CP014527.1,EPLFOOKK_1.region001,56466,PKS-NRP_Hybrids
NZ_CP014530.1,HJIJMJHB_1.region001,10264,RiPPs
NZ_CP014532.1,KNIGCIDC_1.region001,8674,RiPPs
NZ_CP014598.1,KFMJGOLF_1.region001,10393,Others
NZ_CP014599.1,LBMMMGNG_1.region001,22244,RiPPs
NZ_CP014648.1,EHPADACM_1.region001,10810,RiPPs
NZ_CP014703.1,LGOIEGEJ_1.region001,55351,NRPS
NZ_CP014703.1,LGOIEGEJ_1.region002,16723,Others
NZ_CP014703.1,LGOIEGEJ_1.region003,20555,Others
NZ_CP014703.1,LGOIEGEJ_1.region004,10879,RiPPs
NZ_CP014942.1,OKEOHKFB_1.region001,44373,NRPS
NZ_CP014997.1,HJJCPOPO_1.region001,43998,PKS-NRP_Hybrids
NZ_CP015006.1,KJCOPGGP_1.region001,10402,Others
NZ_CP015007.1,BGCJDLPM_1.region001,20654,Others
NZ_CP015009.1,BNPOHKNP_1.region001,12200,Others
NZ_CP015032.1,APOBIPNL_1.region001,23883,Others
NZ_CP015063.1,BOEABOII_1.region001,20609,Others
NZ_CP015083.1,DDFFLIBJ_1.region001,10825,RiPPs
NZ_CP015083.1,DDFFLIBJ_1.region002,20252,RiPPs
NZ_CP015090.1,HFBPPCOH_1.region001,18488,RiPPs
NZ_CP015116.1,FBAKILAF_1.region001,53752,NRPS
NZ_CP015116.1,FBAKILAF_1.region002,44886,Others
NZ_CP015116.1,FBAKILAF_1.region003,53545,Others
NZ_CP015116.1,FBAKILAF_1.region004,84866,PKS-NRP_Hybrids
NZ_CP015116.1,FBAKILAF_1.region005,20555,Others
NZ_CP015116.1,FBAKILAF_1.region006,10879,RiPPs
NZ_CP015116.1,FBAKILAF_1.region007,42814,NRPS
NZ_CP015160.1,DJOMANIL_1.region001,21990,RiPPs
NZ_CP015177.1,OJGBDJJM_1.region001,20720,NRPS
NZ_CP015203.1,PHKLKNKI_1.region001,26593,Others
NZ_CP015203.1,PHKLKNKI_1.region002,40340,NRPS
NZ_CP015231.1,KFCJEFCD_1.region001,43873,NRPS
NZ_CP015231.1,KFCJEFCD_1.region002,10861,RiPPs
NZ_CP015236.1,EMDICCKJ_1.region001,10972,Others
NZ_CP015236.1,EMDICCKJ_1.region002,54586,NRPS
NZ_CP015237.1,BJJABOHC_1.region001,42613,NRPS
NZ_CP015251.1,KNNGJAPB_1.region001,10222,RiPPs
NZ_CP015254.1,OEOOEJCM_1.region001,10342,RiPPs
NZ_CP015274.1,PDFGALNP_1.region001,39071,NRPS
NZ_CP015284.1,EDNDLICA_1.region001,22565,RiPPs
NZ_CP015322.1,HLOLKGJB_1.region001,47275,PKS-NRP_Hybrids
NZ_CP015351.1,MABMGOBL_1.region001,10324,RiPPs
NZ_CP015368.1,MPBGLKFE_1.region001,15649,Others
NZ_CP015368.1,MPBGLKFE_1.region002,59356,NRPS
NZ_CP015384.1,MCBINCBD_1.region001,11686,RiPPs
NZ_CP015389.1,NGACCECH_1.region001,11686,RiPPs
NZ_CP015396.1,ONBDHILO_1.region001,11686,RiPPs
NZ_CP015419.1,ONLPLKLL_1.region001,40510,NRPS
NZ_CP015422.1,CHFANCPC_1.region001,40410,NRPS
NZ_CP015439.1,EHNHNAOE_1.region001,38117,RiPPs
NZ_CP015440.1,OFHDMIAE_1.region001,10231,RiPPs
NZ_CP015530.1,KAIPPFOF_1.region001,22445,RiPPs
NZ_CP015591.1,KFPPKEFB_1.region001,16090,RiPPs
NZ_CP015592.1,NPLENMNN_1.region001,16802,RiPPs
NZ_CP015592.1,NPLENMNN_1.region002,64749,NRPS
NZ_CP015592.1,NPLENMNN_1.region003,46165,Others
NZ_CP015729.1,GKOLLIHC_1.region001,7832,RiPPs
NZ_CP015730.1,NIEHKFEM_1.region001,63390,Others
NZ_CP015730.1,NIEHKFEM_1.region002,21633,RiPPs
NZ_CP015730.1,NIEHKFEM_1.region003,80236,PKS-NRP_Hybrids
NZ_CP015737.1,KBIINKDJ_1.region001,10801,RiPPs
NZ_CP015741.1,CDEHKKLF_1.region001,20627,Others
NZ_CP015742.1,CDFFPOLJ_1.region001,10855,RiPPs
NZ_CP015742.1,CDFFPOLJ_1.region002,20915,Others
NZ_CP015745.1,IKNBDLPD_1.region001,20624,Others
NZ_CP015746.1,KGKGEIEI_1.region001,20627,Others
NZ_CP015748.1,AKKMFGEE_1.region001,12277,Others
NZ_CP015754.1,BJGHJIDL_1.region001,71857,Others
NZ_CP015818.1,ONLPIPKM_1.region001,10006,RiPPs
NZ_CP015851.1,ENJGIDDE_1.region001,55229,NRPS
NZ_CP015851.1,ENJGIDDE_1.region002,41720,NRPS
NZ_CP015851.1,ENJGIDDE_1.region003,84858,PKS-NRP_Hybrids
NZ_CP015851.1,ENJGIDDE_1.region004,10879,RiPPs
NZ_CP015851.1,ENJGIDDE_1.region005,53750,Others
NZ_CP015851.1,ENJGIDDE_1.region006,44886,Others
NZ_CP015867.1,BFCKJIOD_1.region001,390736,Others
NZ_CP015881.1,KCCJBMNH_1.region001,13505,Others
NZ_CP015881.1,KCCJBMNH_1.region002,10927,RiPPs
NZ_CP015881.1,KCCJBMNH_1.region003,21970,RiPPs
NZ_CP015881.1,KCCJBMNH_1.region004,20789,Others
NZ_CP015885.1,HCFGKEHC_1.region001,12151,RiPPs
NZ_CP015940.1,JNPPEJKA_1.region001,16919,RiPPs
NZ_CP015989.1,JINFCOIF_1.region001,20618,Others
NZ_CP016031.1,MFAPFGJK_1.region001,22089,RiPPs
NZ_CP016160.1,OIABCGEG_1.region001,71856,Others
NZ_CP016164.1,EONJLPGA_1.region001,10264,RiPPs
NZ_CP016313.1,ICOLBMOI_1.region001,20831,Terpene
NZ_CP016354.1,OKPAPDMP_1.region001,22350,RiPPs
NZ_CP016365.1,DMOIOEJB_1.region001,38567,Others
NZ_CP016368.1,IDNDADJG_1.region001,41008,NRPS
NZ_CP016407.1,LEMJAFHO_1.region001,55693,PKS-NRP_Hybrids
NZ_CP016409.1,DBALJHFF_1.region001,55693,PKS-NRP_Hybrids
NZ_CP016411.1,DBGNKIAF_1.region001,55693,PKS-NRP_Hybrids
NZ_CP016413.1,JENLDOIG_1.region001,55693,PKS-NRP_Hybrids
NZ_CP016453.1,DFIEPBFA_1.region001,22423,RiPPs
NZ_CP016453.1,DFIEPBFA_1.region002,10837,RiPPs
NZ_CP016458.1,DONOGPLO_1.region001,21685,Others
NZ_CP016482.1,AJHGEIAH_1.region001,17465,Others
NZ_CP016500.1,FFHEGDKP_1.region001,20873,Others
NZ_CP016555.1,JNLCCMJG_1.region001,44886,Others
NZ_CP016555.1,JNLCCMJG_1.region002,52670,Others
NZ_CP016555.1,JNLCCMJG_1.region003,83947,PKS-NRP_Hybrids
NZ_CP016555.1,JNLCCMJG_1.region004,20555,Others
NZ_CP016555.1,JNLCCMJG_1.region005,10879,RiPPs
NZ_CP016555.1,JNLCCMJG_1.region006,41688,NRPS
NZ_CP016555.1,JNLCCMJG_1.region007,55348,NRPS
NZ_CP016560.1,IJOGNJAP_1.region001,20590,Terpene
NZ_CP016560.1,IJOGNJAP_1.region002,10933,Others
NZ_CP016560.1,IJOGNJAP_1.region003,72472,Others
NZ_CP016560.1,IJOGNJAP_1.region004,21584,Others
NZ_CP016560.1,IJOGNJAP_1.region005,23618,Others
NZ_CP016560.1,IJOGNJAP_1.region006,11995,RiPPs
NZ_CP016560.1,IJOGNJAP_1.region007,32310,Terpene
NZ_CP016560.1,IJOGNJAP_1.region008,53956,Others
NZ_CP016589.1,OCHDKPPG_1.region001,12220,RiPPs
NZ_CP016589.1,OCHDKPPG_1.region002,47599,NRPS
NZ_CP016589.1,OCHDKPPG_1.region003,20744,Others
NZ_CP016590.1,NLOLMLCD_1.region001,42457,Others
NZ_CP016590.1,NLOLMLCD_1.region002,21632,RiPPs
NZ_CP016596.1,NDEBDMEH_1.region001,139946,Others
NZ_CP016596.1,NDEBDMEH_1.region002,21633,RiPPs
NZ_CP016613.1,FLPMAHNC_1.region001,53387,Others
NZ_CP016613.1,FLPMAHNC_1.region002,44886,Others
NZ_CP016613.1,FLPMAHNC_1.region003,53961,NRPS
NZ_CP016613.1,FLPMAHNC_1.region004,41708,NRPS
NZ_CP016613.1,FLPMAHNC_1.region005,10879,RiPPs
NZ_CP016613.1,FLPMAHNC_1.region006,20555,Others
NZ_CP016613.1,FLPMAHNC_1.region007,84903,PKS-NRP_Hybrids
NZ_CP016630.1,KBMGKAKI_1.region001,24474,RiPPs
NZ_CP016685.1,HGLFMFEJ_1.region001,28618,RiPPs
NZ_CP016715.1,DKIIIHLL_1.region001,10177,RiPPs
NZ_CP016726.1,NGGJIAIO_1.region001,10183,RiPPs
NZ_CP016736.1,ODPFCONK_1.region001,15114,RiPPs
NZ_CP016815.1,FMEFFGKP_1.region001,14463,Others
NZ_CP016821.1,CDAGPOMN_1.region001,10966,Others
NZ_CP016869.1,DANCNCLJ_1.region001,22089,RiPPs
NZ_CP016871.1,MLDDIDII_1.region001,17031,RiPPs
NZ_CP016875.1,HFHKIMKM_1.region001,22089,RiPPs
NZ_CP016890.1,NMOLFIGP_1.region001,23562,Terpene
NZ_CP016890.1,NMOLFIGP_1.region002,12355,Others
NZ_CP016891.1,GEJNOMIC_1.region001,41737,NRPS
NZ_CP016898.1,LINOIMNK_1.region001,22303,RiPPs
NZ_CP016905.1,BNIAHPEC_1.region001,20555,Others
NZ_CP016905.1,BNIAHPEC_1.region002,69338,PKS-NRP_Hybrids
NZ_CP016905.1,BNIAHPEC_1.region003,82113,PKS-NRP_Hybrids
NZ_CP016905.1,BNIAHPEC_1.region004,44886,Others
NZ_CP016905.1,BNIAHPEC_1.region005,52499,Others
NZ_CP016905.1,BNIAHPEC_1.region006,10879,RiPPs
NZ_CP016905.1,BNIAHPEC_1.region007,72636,PKS-NRP_Hybrids
NZ_CP016915.1,JLJGLNCP_1.region001,16716,Others
NZ_CP016915.1,JLJGLNCP_1.region002,40812,NRPS
NZ_CP016915.1,JLJGLNCP_1.region003,53972,NRPS
NZ_CP016915.1,JLJGLNCP_1.region004,44886,Others
NZ_CP016915.1,JLJGLNCP_1.region005,10879,RiPPs
NZ_CP016915.1,JLJGLNCP_1.region006,20555,Others
NZ_CP016915.1,JLJGLNCP_1.region007,84888,PKS-NRP_Hybrids
NZ_CP017017.1,GCLAJPPF_1.region001,10254,RiPPs
NZ_CP017041.1,PAHFLLPL_1.region001,28236,NRPS
NZ_CP017076.1,BDHBJEPB_1.region001,41089,PKSother
NZ_CP017076.1,BDHBJEPB_1.region002,23126,Others
NZ_CP017077.1,LGIAMNIC_1.region001,10405,Others
NZ_CP017077.1,LGIAMNIC_1.region002,22429,RiPPs
NZ_CP017078.1,KJIFABDH_1.region001,20624,Others
NZ_CP017102.1,EIHGCICD_1.region001,9441,Others
NZ_CP017102.1,EIHGCICD_1.region002,58919,Others
NZ_CP017103.1,CJGOPALP_1.region001,14609,Others
NZ_CP017104.1,FBAFMBFH_1.region001,40912,Others
NZ_CP017104.1,FBAFMBFH_1.region002,11905,Others
NZ_CP017104.1,FBAFMBFH_1.region003,14674,Others
NZ_CP017105.1,JHBPABOM_1.region001,9309,RiPPs
NZ_CP017105.1,JHBPABOM_1.region002,11887,Others
NZ_CP017105.1,JHBPABOM_1.region003,21856,RiPPs
NZ_CP017105.1,JHBPABOM_1.region004,10888,RiPPs
NZ_CP017108.1,AFLGIGBD_1.region001,16160,RiPPs
NZ_CP017148.1,IAMAMJAA_1.region001,19452,Others
NZ_CP017148.1,IAMAMJAA_1.region002,20624,Others
NZ_CP017242.1,MCGIJBCB_1.region001,52953,NRPS
NZ_CP017242.1,MCGIJBCB_1.region002,49469,PKS-NRP_Hybrids
NZ_CP017242.1,MCGIJBCB_1.region003,14649,Others
NZ_CP017243.1,MNODEAKP_1.region001,41053,PKSother
NZ_CP017243.1,MNODEAKP_1.region002,20396,RiPPs
NZ_CP017243.1,MNODEAKP_1.region003,12148,RiPPs
NZ_CP017244.1,MNPEAICM_1.region001,11881,Others
NZ_CP017244.1,MNPEAICM_1.region002,21829,RiPPs
NZ_CP017244.1,MNPEAICM_1.region003,22155,RiPPs
NZ_CP017303.1,PMKJCLFO_1.region001,43672,NRPS
NZ_CP017304.1,PBPCPACD_1.region001,56092,NRPS
NZ_CP017355.1,DOMHMFDO_1.region001,9671,RiPPs
NZ_CP017355.1,DOMHMFDO_1.region002,7685,RiPPs
NZ_CP017356.1,MLLLCDMB_1.region001,10447,RiPPs
NZ_CP017365.1,KFODBKFO_1.region001,13820,RiPPs
NZ_CP017366.1,DCMCLHPH_1.region001,10447,RiPPs
NZ_CP017367.1,DFDAMNAH_1.region001,8391,RiPPs
NZ_CP017377.1,HBBJOIMJ_1.region001,10130,RiPPs
NZ_CP017381.1,KMDGCCCG_1.region001,12151,RiPPs
NZ_CP017573.1,PAJEFBNM_1.region001,10195,RiPPs
NZ_CP017574.1,FFPHLNLF_1.region001,19642,NRPS
NZ_CP017574.1,FFPHLNLF_1.region002,42925,NRPS
NZ_CP017574.1,FFPHLNLF_1.region003,10440,RiPPs
NZ_CP017574.1,FFPHLNLF_1.region004,10300,RiPPs
NZ_CP017591.1,FAMDPKKB_1.region001,23565,Terpene
NZ_CP017753.1,BHELDLCH_1.region001,42820,NRPS
NZ_CP017759.1,OGBPJGNE_1.region001,43090,NRPS
NZ_CP018064.1,MDODADFK_1.region001,12226,RiPPs
NZ_CP018064.1,MDODADFK_1.region002,44575,Others
NZ_CP018073.1,DMCFKJMO_1.region001,10264,RiPPs
NZ_CP018077.1,NIODEKFK_1.region001,16344,Terpene
NZ_CP018081.1,FGEFNFPB_1.region001,32710,Others
NZ_CP018096.1,AJJDMJHH_1.region001,32529,NRPS
NZ_CP018225.1,FAKFICLC_1.region001,20612,Others
NZ_CP018229.1,KCPJOAOI_1.region001,51936,NRPS
NZ_CP018229.1,KCPJOAOI_1.region002,40924,Others
NZ_CP018229.1,KCPJOAOI_1.region003,43993,NRPS
NZ_CP018230.1,DDACOPGH_1.region001,21254,RiPPs
NZ_CP018230.1,DDACOPGH_1.region002,22003,RiPPs
NZ_CP018231.1,FPMBNDFB_1.region001,21485,RiPPs
NZ_CP018234.1,CKFOKDOH_1.region001,37473,NRPS
NZ_CP018235.1,DIMCAGDO_1.region001,20160,Others
NZ_CP018235.1,DIMCAGDO_1.region002,20552,Others
NZ_CP018338.1,JKMKJIJK_1.region001,14463,Others
NZ_CP018425.1,LICCKNDI_1.region001,8172,RiPPs
NZ_CP018431.1,GBBBCCLM_1.region001,18890,RiPPs
NZ_CP018433.1,BHIABLII_1.region001,8172,RiPPs
NZ_CP018445.1,JMADNNGF_1.region001,8647,RiPPs
NZ_CP018741.1,GLKGNNGM_1.region001,29748,Others
NZ_CP018741.1,GLKGNNGM_1.region002,20168,RiPPs
NZ_CP018742.1,MGJLJAKL_1.region001,12193,RiPPs
NZ_CP018775.2,DIOMGIFK_1.region001,14415,Others
NZ_CP018781.1,KLAAEENF_1.region001,22156,RiPPs
NZ_CP018781.1,KLAAEENF_1.region002,22266,RiPPs
NZ_CP018827.1,JGCAEBIK_1.region001,10264,RiPPs
NZ_CP018829.1,KGIINNLK_1.region001,10375,RiPPs
NZ_CP018832.1,DIJDOKJL_1.region001,10264,RiPPs
NZ_CP018834.1,IFLDNCOB_1.region001,10375,RiPPs
NZ_CP018875.1,OKLPIPGC_1.region001,26511,RiPPs
NZ_CP018986.1,OLJIPNEN_1.region001,6075,RiPPs
NZ_CP018994.1,CPGPINDP_1.region001,14415,Others
NZ_CP019001.1,NJNHIBBF_1.region001,14415,Others
NZ_CP019010.1,PFIEJDNP_1.region001,11686,RiPPs
NZ_CP019018.1,CBEMMJBC_1.region001,22903,Others
NZ_CP019037.1,PHENDNFM_1.region001,32369,Others
NZ_CP019049.1,OGLDHCCL_1.region001,14463,Others
NZ_CP019083.1,COIHHLJC_1.region001,41083,PKSother
NZ_CP019223.1,LHKCDFDM_1.region001,34261,NRPS
NZ_CP019231.1,CKHGGIEG_1.region001,7806,RiPPs
NZ_CP019232.1,IIEKEDFC_1.region001,36974,NRPS
NZ_CP019286.1,HNALNBFE_1.region001,23261,RiPPs
NZ_CP019308.1,DHEECFFB_1.region001,38511,Others
NZ_CP019310.1,DAHIGKCC_1.region001,13571,Others
NZ_CP019311.1,HPNKAEAG_1.region001,41850,NRPS
NZ_CP019315.1,PJDBGLLC_1.region001,21035,Terpene
NZ_CP019316.1,JAPIFONA_1.region001,22090,RiPPs
NZ_CP019318.1,AJJEEMGN_1.region001,20879,NRPS
NZ_CP019318.1,AJJEEMGN_1.region002,27021,PKSI
NZ_CP019459.1,JFKJHGBA_1.region001,46799,PKSI
NZ_CP019461.1,IPICIKCI_1.region001,15583,PKSI
NZ_CP019462.1,DDDKDODA_1.region001,15584,PKSI
NZ_CP019463.1,HAIICLJC_1.region001,15586,PKSI
NZ_CP019464.1,PGINCGPD_1.region001,15601,PKSI
NZ_CP019564.1,KIFEDBED_1.region001,7780,RiPPs
NZ_CP019586.1,DKPCCOBN_1.region001,22188,RiPPs
NZ_CP019586.1,DKPCCOBN_1.region002,10930,RiPPs
NZ_CP019631.1,BIEJOPLG_1.region001,43090,NRPS
NZ_CP019729.1,MHDILKFP_1.region001,15236,RiPPs
NZ_CP019912.1,DBOIFPIB_1.region001,10879,RiPPs
NZ_CP019949.1,PALAFGPL_1.region001,53112,NRPS
NZ_CP019949.1,PALAFGPL_1.region002,31435,NRPS
NZ_CP020021.1,LMALOGMB_1.region001,10294,RiPPs
NZ_CP020031.1,OONBLJLN_1.region001,25190,RiPPs
NZ_CP020040.1,BJDIDHHE_1.region001,22844,RiPPs
NZ_CP020040.1,BJDIDHHE_1.region002,45679,NRPS
NZ_CP020040.1,BJDIDHHE_1.region003,21095,Terpene
NZ_CP020041.1,ODGBEHEL_1.region001,21095,Terpene
NZ_CP020043.1,LAJPGFKB_1.region001,309863,Others
NZ_CP020044.1,PGIOKJLG_1.region001,188691,Others
NZ_CP020066.1,NNJFDLMI_1.region001,11686,RiPPs
NZ_CP020075.1,LFMIJNNO_1.region001,6941,RiPPs
NZ_CP020331.1,LBMGJCOI_1.region001,65438,PKS-NRP_Hybrids
NZ_CP020385.1,PELOJHFL_1.region001,44368,NRPS
NZ_CP020460.1,IPFEBLPG_1.region001,33963,RiPPs
NZ_CP020539.1,NOJLMNFL_1.region001,10414,Others
NZ_CP020539.1,NOJLMNFL_1.region002,20612,Others
NZ_CP020540.1,JEDOFDCK_1.region001,33100,Others
NZ_CP020613.1,BBEMPMBE_1.region001,21434,RiPPs
NZ_CP020744.1,PJKIFOJE_1.region001,39904,NRPS
NZ_CP020744.1,PJKIFOJE_1.region002,20720,NRPS
NZ_CP020744.1,PJKIFOJE_1.region003,30435,RiPPs
NZ_CP020745.1,OEIDLCNF_1.region001,47623,NRPS
NZ_CP020859.1,JEGKJFFA_1.region001,10243,RiPPs
NZ_CP020898.1,CHFEGGIA_1.region001,12148,RiPPs
NZ_CP020899.1,PEDIKLCD_1.region001,20735,RiPPs
NZ_CP020899.1,PEDIKLCD_1.region002,22006,RiPPs
NZ_CP020900.1,DMPANFKB_1.region001,55038,Others
NZ_CP020909.1,MNKGCHAL_1.region001,22003,RiPPs
NZ_CP020910.1,MLEFBKLA_1.region001,10390,Others
NZ_CP020910.1,MLEFBKLA_1.region002,21479,RiPPs
NZ_CP020910.1,MLEFBKLA_1.region003,14615,Others
NZ_CP020911.1,BMMAGIDM_1.region001,55079,Others
NZ_CP020934.1,LHEKLIML_1.region001,14415,Others
NZ_CP020949.1,CCCAJAFM_1.region001,14684,Others
NZ_CP020950.1,KKFDBBGC_1.region001,20414,RiPPs
NZ_CP020950.1,KKFDBBGC_1.region002,14281,Others
NZ_CP020951.1,LEOCOCPE_1.region001,20908,RiPPs
NZ_CP020951.1,LEOCOCPE_1.region002,22105,RiPPs
NZ_CP020952.1,KLAFLIDI_1.region001,53825,Others
NZ_CP021027.1,DDKGDMOA_1.region001,41053,PKSother
NZ_CP021027.1,DDKGDMOA_1.region002,20273,RiPPs
NZ_CP021027.1,DDKGDMOA_1.region003,12148,RiPPs
NZ_CP021028.1,BHBBAPDE_1.region001,18781,RiPPs
NZ_CP021028.1,BHBBAPDE_1.region002,44161,NRPS
NZ_CP021028.1,BHBBAPDE_1.region003,22003,RiPPs
NZ_CP021029.1,BHNGFBAG_1.region001,55013,Others
NZ_CP021029.1,BHNGFBAG_1.region002,11026,RiPPs
NZ_CP021031.1,KBFBIABC_1.region001,21479,RiPPs
NZ_CP021031.1,KBFBIABC_1.region002,14611,Others
NZ_CP021032.1,NGFAFDDB_1.region001,22003,RiPPs
NZ_CP021033.1,OBNJPIPA_1.region001,43990,NRPS
NZ_CP021062.1,KMHNAKFJ_1.region001,54710,NRPS
NZ_CP021062.1,KMHNAKFJ_1.region002,97861,Others
NZ_CP021062.1,KMHNAKFJ_1.region003,15142,RiPPs
NZ_CP021063.1,FKHNAIDG_1.region001,37568,NRPS
NZ_CP021071.1,PILGCEDB_1.region001,21883,RiPPs
NZ_CP021125.1,FHKFFOLA_1.region001,41053,PKSother
NZ_CP021125.1,FHKFFOLA_1.region002,12148,RiPPs
NZ_CP021126.1,AKALKBNB_1.region001,21745,RiPPs
NZ_CP021126.1,AKALKBNB_1.region002,22006,RiPPs
NZ_CP021127.1,IBDBIGBJ_1.region001,55012,Others
NZ_CP021212.1,ACMJKFOK_1.region001,10927,RiPPs
NZ_CP021214.1,EEPJLHOI_1.region001,20639,Others
NZ_CP021216.1,DFJGLBFM_1.region001,51238,NRPS
NZ_CP021217.1,JJCCPLHB_1.region001,20621,Others
NZ_CP021217.1,JJCCPLHB_1.region002,31628,RiPPs
NZ_CP021218.1,HDECPICM_1.region001,22236,Others
NZ_CP021218.1,HDECPICM_1.region002,13783,RiPPs
NZ_CP021253.1,IBJJDKLG_1.region001,25501,NRPS
NZ_CP021449.1,CFPFCHMA_1.region001,54636,NRPS
NZ_CP021449.1,CFPFCHMA_1.region002,65644,PKS-NRP_Hybrids
NZ_CP021449.1,CFPFCHMA_1.region003,10879,RiPPs
NZ_CP021449.1,CFPFCHMA_1.region004,20555,Others
NZ_CP021449.1,CFPFCHMA_1.region005,53750,Others
NZ_CP021449.1,CFPFCHMA_1.region006,44886,Others
NZ_CP021548.1,JCKCKBHO_1.region001,9075,RiPPs
NZ_CP021756.1,AGPAIKKE_1.region001,11686,RiPPs
NZ_CP021779.1,KNJALHGG_1.region001,6718,RiPPs
NZ_CP021794.1,NENKBMNL_1.region001,20621,Others
NZ_CP021794.1,NENKBMNL_1.region002,15494,Others
NZ_CP021795.1,AEAMIKNF_1.region001,22188,RiPPs
NZ_CP021795.1,AEAMIKNF_1.region002,22225,Others
NZ_CP021795.1,AEAMIKNF_1.region003,10930,RiPPs
NZ_CP021798.1,CHKDALKD_1.region001,15497,Others
NZ_CP021799.1,HNEGHHIG_1.region001,22188,RiPPs
NZ_CP021799.1,HNEGHHIG_1.region002,10930,RiPPs
NZ_CP021801.1,DEBIOCKL_1.region001,20621,Others
NZ_CP021802.1,FLMNGLMD_1.region001,22188,RiPPs
NZ_CP021802.1,FLMNGLMD_1.region002,22235,Others
NZ_CP021803.1,EBOMONHP_1.region001,40832,NRPS
NZ_CP021803.1,EBOMONHP_1.region002,11890,Others
NZ_CP021803.1,EBOMONHP_1.region003,10387,Others
NZ_CP021805.1,IPJOAHNN_1.region001,45520,PKSI
NZ_CP021805.1,IPJOAHNN_1.region002,15497,Others
NZ_CP021805.1,IPJOAHNN_1.region003,20621,Others
NZ_CP021806.1,NJEFIKHJ_1.region001,22188,RiPPs
NZ_CP021806.1,NJEFIKHJ_1.region002,22225,Others
NZ_CP021806.1,NJEFIKHJ_1.region003,10930,RiPPs
NZ_CP021807.1,IICHCLMG_1.region001,52065,NRPS
NZ_CP021809.1,ENJKBPFP_1.region001,20621,Others
NZ_CP021810.1,BDGFLGMP_1.region001,22236,Others
NZ_CP021810.1,BDGFLGMP_1.region002,22185,RiPPs
NZ_CP021811.1,DDPABOJP_1.region001,20624,Others
NZ_CP021819.1,FPCFCFBA_1.region001,38088,Others
NZ_CP021820.1,CNFLIEGN_1.region001,22188,RiPPs
NZ_CP021820.1,CNFLIEGN_1.region002,22236,Others
NZ_CP021821.1,EKHEPHHE_1.region001,15497,Others
NZ_CP021821.1,EKHEPHHE_1.region002,40873,Others
NZ_CP021823.1,IKFFFBKE_1.region001,10930,RiPPs
NZ_CP021823.1,IKFFFBKE_1.region002,22188,RiPPs
NZ_CP021824.1,LFMLPAMO_1.region001,20621,Others
NZ_CP021827.1,MOABAMDO_1.region001,15497,Others
NZ_CP021828.1,EMEAMNOF_1.region001,10930,RiPPs
NZ_CP021828.1,EMEAMNOF_1.region002,22188,RiPPs
NZ_CP021830.1,GHNCIAJL_1.region001,20231,Others
NZ_CP021830.1,GHNCIAJL_1.region002,21455,RiPPs
NZ_CP021830.1,GHNCIAJL_1.region003,20126,Others
NZ_CP021830.1,GHNCIAJL_1.region004,15497,Others
NZ_CP021831.1,OOHEFLFK_1.region001,22188,RiPPs
NZ_CP021837.1,ELOGIIDD_1.region001,9780,RiPPs
NZ_CP021860.1,GACIGGBD_1.region001,11686,RiPPs
NZ_CP021880.1,GAOIGNAP_1.region001,14415,Others
NZ_CP021906.1,DDLGEOAI_1.region001,10294,RiPPs
NZ_CP021908.1,GMNJACNK_1.region001,10294,RiPPs
NZ_CP021938.1,IHPJGNAD_1.region001,10927,RiPPs
NZ_CP021998.2,FJDOAJOI_1.region001,10390,RiPPs
NZ_CP022118.1,GGPIICIK_1.region001,71577,Others
NZ_CP022140.1,JFPGLIPB_1.region001,11485,RiPPs
NZ_CP022166.1,HIMIAONA_1.region001,14415,Others
NZ_CP022224.1,MLLNAKNG_1.region001,30428,NRPS
NZ_CP022308.1,LLPNAPBF_1.region001,41176,Others
NZ_CP022346.1,NOBENGAF_1.region001,23102,RiPPs
NZ_CP022370.1,CPMAKLGC_1.region001,20747,Others
NZ_CP022371.1,AOJDKMKJ_1.region001,20609,Others
NZ_CP022419.1,DEMOHMCK_1.region001,25984,Others
NZ_CP022429.1,NDPEFKGJ_1.region001,23565,Terpene
NZ_CP022446.1,PDCIMNAJ_1.region001,21491,RiPPs
NZ_CP022446.1,PDCIMNAJ_1.region002,103157,Others
NZ_CP022446.1,PDCIMNAJ_1.region003,21104,RiPPs
NZ_CP022542.1,GFCFDPPI_1.region001,24218,RiPPs
NZ_CP022565.1,DCMDNMEK_1.region001,43993,NRPS
NZ_CP022566.1,OKPAJNKG_1.region001,22003,RiPPs
NZ_CP022567.1,JAHKINLE_1.region001,20666,Others
NZ_CP022567.1,JAHKINLE_1.region002,17889,RiPPs
NZ_CP022666.1,MHIIBKNE_1.region001,10900,RiPPs
NZ_CP022666.1,MHIIBKNE_1.region002,43993,NRPS
NZ_CP022666.1,MHIIBKNE_1.region003,20639,Others
NZ_CP022667.1,CDDPNFOL_1.region001,22003,RiPPs
NZ_CP022669.1,FDICJMIP_1.region001,14194,Others
NZ_CP022669.1,FDICJMIP_1.region002,18216,Others
NZ_CP022669.1,FDICJMIP_1.region003,20636,RiPPs
NZ_CP022669.1,FDICJMIP_1.region004,18219,Others
NZ_CP022984.1,HJHPLKJB_1.region001,23037,RiPPs
NZ_CP022991.1,BAEBOJLP_1.region001,42844,NRPS
NZ_CP022999.1,PMPPJCCI_1.region001,43978,NRPS
NZ_CP022999.1,PMPPJCCI_1.region002,33766,Others
NZ_CP022999.1,PMPPJCCI_1.region003,20660,Others
NZ_CP023000.1,HDFCKHNG_1.region001,21865,RiPPs
NZ_CP023000.1,HDFCKHNG_1.region002,34044,NRPS
NZ_CP023000.1,HDFCKHNG_1.region003,48103,PKS-NRP_Hybrids
NZ_CP023064.1,EPFODDBO_1.region001,11806,Others
NZ_CP023064.1,EPFODDBO_1.region002,48040,PKS-NRP_Hybrids
NZ_CP023064.1,EPFODDBO_1.region003,10289,RiPPs
NZ_CP023064.1,EPFODDBO_1.region004,11032,RiPPs
NZ_CP023065.1,FIEMGFAP_1.region001,24955,Terpene
NZ_CP023065.1,FIEMGFAP_1.region002,11887,Others
NZ_CP023065.1,FIEMGFAP_1.region003,21518,RiPPs
NZ_CP023065.1,FIEMGFAP_1.region004,11430,Others
NZ_CP023068.1,NNHAICIC_1.region001,11887,Others
NZ_CP023068.1,NNHAICIC_1.region002,42877,NRPS
NZ_CP023068.1,NNHAICIC_1.region003,21343,Others
NZ_CP023068.1,NNHAICIC_1.region004,11029,RiPPs
NZ_CP023068.1,NNHAICIC_1.region005,22200,RiPPs
NZ_CP023069.1,JHNBLPMK_1.region001,21416,RiPPs
NZ_CP023069.1,JHNBLPMK_1.region002,24955,Terpene
NZ_CP023069.1,JHNBLPMK_1.region003,11887,Others
NZ_CP023069.1,JHNBLPMK_1.region004,11430,Others
NZ_CP023071.1,HCAOGHPD_1.region001,21781,RiPPs
NZ_CP023071.1,HCAOGHPD_1.region002,22423,RiPPs
NZ_CP023071.1,HCAOGHPD_1.region003,22188,RiPPs
NZ_CP023072.1,EIACKADJ_1.region001,40924,Others
NZ_CP023072.1,EIACKADJ_1.region002,21518,RiPPs
NZ_CP023072.1,EIACKADJ_1.region003,11887,Others
NZ_CP023072.1,EIACKADJ_1.region004,24955,Terpene
NZ_CP023072.1,EIACKADJ_1.region005,11430,Others
NZ_CP023145.1,DJBEKGKH_1.region001,14415,Others
NZ_CP023152.1,OLMLKPIF_1.region001,79484,NRPS
NZ_FO818638.1,IBFGBNAL_1.region001,65529,PKS-NRP_Hybrids
NZ_FO834905.1,OJKKFLJD_1.region001,14463,Others
NZ_HG916853.1,NCDEOPGK_1.region001,20645,Others
NZ_HG916854.1,BCKPEJHA_1.region001,10900,RiPPs
NZ_HG916854.1,BCKPEJHA_1.region002,20630,Others
NZ_HG916855.1,EGCNHFNL_1.region001,18773,RiPPs
NZ_HG916855.1,EGCNHFNL_1.region002,21285,RiPPs
NZ_HG916855.1,EGCNHFNL_1.region003,21658,RiPPs
NZ_HG938354.1,OEGAALKL_1.region001,21844,RiPPs
NZ_HG938356.1,LAKOJMOD_1.region001,21844,RiPPs
NZ_HG938357.1,KFPCCIDJ_1.region001,10961,Others
NZ_KP100338.1,MAIIMAOC_1.region001,51527,PKS-NRP_Hybrids
NZ_LK021128.1,OJDPBCGL_1.region001,43147,NRPS
NZ_LN609303.1,IHPLPBMJ_1.region001,20576,Others
NZ_LN614828.1,GIIFKKPB_1.region001,18928,RiPPs
NZ_LN681226.1,ANHDCFOB_1.region001,22089,RiPPs
NZ_LN831788.1,GBCNLEDI_1.region001,41050,PKSother
NZ_LN831789.1,JEDKHGHK_1.region001,20258,RiPPs
NZ_LN868939.1,CIOEFODI_1.region001,33942,NRPS
NZ_LN868939.1,CIOEFODI_1.region002,43971,PKSI
NZ_LN868939.1,CIOEFODI_1.region003,164370,Others
NZ_LN868939.1,CIOEFODI_1.region004,20990,Others
NZ_LN868939.1,CIOEFODI_1.region005,41203,PKSother
NZ_LN868939.1,CIOEFODI_1.region006,21104,Terpene
NZ_LN868939.1,CIOEFODI_1.region007,46459,PKSI
NZ_LN890519.1,JJINCBOM_1.region001,48242,PKS-NRP_Hybrids
NZ_LN890521.1,EKOFFKIP_1.region001,48252,NRPS
NZ_LN890523.1,LMGOFECB_1.region001,33304,PKS-NRP_Hybrids
NZ_LN890523.1,LMGOFECB_1.region002,28382,NRPS
NZ_LN907828.1,CLLKNAOH_1.region001,20633,Others
NZ_LN907828.1,CLLKNAOH_1.region002,14438,Others
NZ_LT009691.1,JNONAMGJ_1.region001,10294,RiPPs
NZ_LT598658.1,BIALFGDD_1.region001,20851,RiPPs
NZ_LT598664.1,GONPLCKM_1.region001,10264,RiPPs
NZ_LT599050.1,PEKIDOCO_1.region001,5736,RiPPs
NZ_LT599051.1,NLGPBMOP_1.region001,9105,RiPPs
NZ_LT599053.1,NFMGHEHG_1.region001,11827,RiPPs
NZ_LT604075.1,IBCOMBME_1.region001,10419,RiPPs
NZ_LT703509.1,CBPJBMDL_1.region001,34938,NRPS
NZ_LT838199.1,GLHAHJDK_1.region001,11536,RiPPs