BGC,BiG-SCAPE_class,Size
AAPHNBEI_1.region001,Others,1616209
AAPHNBEI_1.region002,Others,1616209
ABCKLGJG_1.region001,Others,1417907
ABCKLGJG_1.region002,RiPPs,1417907
ABCKLGJG_1.region003,RiPPs,1417907
ABDLLHLD_1.region001,RiPPs,15100
ABGAGIAP_1.region001,Others,118164
ACGECIJK_1.region001,Others,885383
ACGECIJK_1.region002,Others,885383
ACIMNEKE_1.region001,Others,197338
ACMJKFOK_1.region001,RiPPs,90229
ACOOPHIB_1.region001,Others,431546
ACOOPHIB_1.region002,RiPPs,431546
ACOOPHIB_1.region003,NRPS,431546
ADAAFBNF_1.region001,RiPPs,488135
ADAAFBNF_1.region002,Others,488135
ADADJLGI_1.region001,NRPS,35340
ADHDCGFK_1.region001,NRPS,210605
ADHDCGFK_1.region002,Others,210605
AEAMIKNF_1.region001,RiPPs,1700327
AEAMIKNF_1.region002,Others,1700327
AEAMIKNF_1.region003,RiPPs,1700327
AEBMKDAP_1.region001,NRPS,165693
AECBDMNE_1.region001,RiPPs,106784
AEOHFHIL_1.region001,PKS-NRP_Hybrids,431821
AFHGOHJC_1.region001,PKSother,429574
AFHGOHJC_1.region002,RiPPs,429574
AFLGIGBD_1.region001,RiPPs,279615
AGCMCEHF_1.region001,RiPPs,28404
AGEJBGJG_1.region001,PKS-NRP_Hybrids,237512
AGKDAEPB_1.region001,RiPPs,229882
AGMCNLAD_1.region001,PKSother,139218
AGOOIJKM_1.region001,Others,216610
AGPAIKKE_1.region001,RiPPs,22632
AHCIIIIH_1.region001,RiPPs,242962
AHCPJIHN_1.region001,Others,167269
AHKCENJL_1.region001,RiPPs,164406
AHKMFNJO_1.region001,RiPPs,6747
AIFLNNLK_1.region001,RiPPs,13908
AIIALIBF_1.region001,NRPS,29037
AIIPIPPK_1.region001,RiPPs,570951
AIJIHFBF_1.region001,NRPS,103451
AIKEOMHL_1.region001,RiPPs,52297
AIPKJIBD_1.region001,RiPPs,11898
AJHGEIAH_1.region001,Others,264782
AJJDMJHH_1.region001,NRPS,534877
AJJEEMGN_1.region001,NRPS,52013
AJJEEMGN_1.region002,PKSI,52013
AJLLADIE_1.region001,RiPPs,506687
AJLLADIE_1.region002,RiPPs,506687
AJNCAFOO_1.region001,Terpene,5458
AJPBIOMC_1.region001,Others,912449
AJPBIOMC_1.region002,NRPS,912449
AKALKBNB_1.region001,RiPPs,482471
AKALKBNB_1.region002,RiPPs,482471
AKBMGJHP_1.region001,RiPPs,1770419
AKHIKMJC_1.region001,RiPPs,11627
AKIMELPB_1.region001,RiPPs,414617
AKIMELPB_1.region002,RiPPs,414617
AKKMFGEE_1.region001,Others,71917
ALGAIIAC_1.region001,Others,433219
ALGAIIAC_1.region002,RiPPs,433219
AMHGGMFE_1.region001,RiPPs,505351
AMNNAAKF_1.region001,Others,133055
AMNNAAKF_1.region002,Others,133055
ANDCJFEO_1.region001,Others,141804
ANHDCFOB_1.region001,RiPPs,129882
ANJEHEOI_1.region001,Others,202301
ANMGDOOP_1.region001,Others,742499
AOBFAKIF_1.region001,PKS-NRP_Hybrids,366576
AOGPGGNB_1.region001,RiPPs,25916
AOHKPGNH_1.region001,RiPPs,35510
AOJDKMKJ_1.region001,Others,112144
AOOKDFFP_1.region001,RiPPs,698495
APAHHFMN_1.region001,RiPPs,547106
APAHHFMN_1.region002,Others,547106
APAHHFMN_1.region003,NRPS,547106
APAHHFMN_1.region004,RiPPs,547106
APAHHFMN_1.region005,Others,547106
APAIHKCN_1.region001,Others,44195
APFNEPPM_1.region001,NRPS,750123
APFNEPPM_1.region002,Others,750123
APFNEPPM_1.region003,Others,750123
APFNEPPM_1.region004,Others,750123
APGOOCFO_1.region001,RiPPs,122975
APOBIPNL_1.region001,Others,244120
BABJEKKM_1.region001,Others,269426
BACFJHCI_1.region001,Terpene,1901707
BACFJHCI_1.region002,Terpene,1901707
BACFJHCI_1.region003,RiPPs,1901707
BAEBOJLP_1.region001,NRPS,664981
BAEOCEBO_1.region001,RiPPs,293705
BAGKKFEG_1.region001,Others,40170
BBEMPMBE_1.region001,RiPPs,93982
BBFAJNIH_1.region001,Others,323475
BBPNHMEO_1.region001,RiPPs,8347
BCKPEJHA_1.region001,RiPPs,759787
BCKPEJHA_1.region002,Others,759787
BCPJPNDK_1.region001,Others,752910
BDBKDHIC_1.region001,PKSother,104530
BDGFLGMP_1.region001,Others,1665079
BDGFLGMP_1.region002,RiPPs,1665079
BDHBJEPB_1.region001,PKSother,1756808
BDHBJEPB_1.region002,Others,1756808
BDIGOCPJ_1.region001,Others,1091523
BDODIMLA_1.region001,RiPPs,431484
BDODIMLA_1.region002,RiPPs,431484
BEAPPPEE_1.region001,NRPS,1123075
BECECBIG_1.region001,RiPPs,6673
BEDALIAK_1.region001,Others,328635
BEDALIAK_1.region002,NRPS,328635
BFCKJIOD_1.region001,Others,617085
BFJJOFJE_1.region001,Others,120524
BFMFAJED_1.region001,Others,146811
BGCBBPLH_1.region001,RiPPs,20720
BGCJDLPM_1.region001,Others,451547
BGDMJFLP_1.region001,Others,30254
BGFJAKJK_1.region001,Others,711724
BGHLOCCC_1.region001,RiPPs,501077
BGHLOCCC_1.region002,RiPPs,501077
BGMHENLE_1.region001,NRPS,933960
BGMHENLE_1.region002,Others,933960
BGMHENLE_1.region003,Others,933960
BGMHENLE_1.region004,NRPS,933960
BHBBAPDE_1.region001,RiPPs,506213
BHBBAPDE_1.region002,NRPS,506213
BHBBAPDE_1.region003,RiPPs,506213
BHCDIDHF_1.region001,Others,1466845
BHELDLCH_1.region001,NRPS,278189
BHIABLII_1.region001,RiPPs,15273
BHNGFBAG_1.region001,Others,515326
BHNGFBAG_1.region002,RiPPs,515326
BIAHJNFB_1.region001,RiPPs,445194
BIAHJNFB_1.region002,RiPPs,445194
BIALFGDD_1.region001,RiPPs,129881
BIEEKKKO_1.region001,Others,161511
BIEJOPLG_1.region001,NRPS,407152
BIKKDNGA_1.region001,Others,290055
BIKKDNGA_1.region002,RiPPs,290055
BIMIAKCB_1.region001,Terpene,314317
BJDIDHHE_1.region001,RiPPs,518852
BJDIDHHE_1.region002,NRPS,518852
BJDIDHHE_1.region003,Terpene,518852
BJGENPLA_1.region001,NRPS,447304
BJGENPLA_1.region002,NRPS,447304
BJGENPLA_1.region003,PKS-NRP_Hybrids,447304
BJGFLODL_1.region001,RiPPs,437218
BJGHJIDL_1.region001,Others,165275
BJILGENP_1.region001,Others,190974
BJJABOHC_1.region001,NRPS,164725
BKEJMFAD_1.region001,NRPS,402605
BKIBFGLD_1.region001,Others,147060
BKJLGLLE_1.region001,RiPPs,37980
BLALIILB_1.region001,NRPS,190889
BLANJEJF_1.region001,RiPPs,215120
BLCLKMBA_1.region001,RiPPs,20413
BLIBLAOK_1.region001,Others,642517
BMAANBBP_1.region001,PKS-NRP_Hybrids,97600
BMMAGIDM_1.region001,Others,978479
BMPBJFCJ_1.region001,PKS-NRP_Hybrids,504942
BNGNNAAD_1.region001,NRPS,1275199
BNGNNAAD_1.region002,RiPPs,1275199
BNGNNAAD_1.region003,Others,1275199
BNGNNAAD_1.region004,Others,1275199
BNGNNAAD_1.region005,Terpene,1275199
BNIAHPEC_1.region001,Others,2145732
BNIAHPEC_1.region002,PKS-NRP_Hybrids,2145732
BNIAHPEC_1.region003,PKS-NRP_Hybrids,2145732
BNIAHPEC_1.region004,Others,2145732
BNIAHPEC_1.region005,Others,2145732
BNIAHPEC_1.region006,RiPPs,2145732
BNIAHPEC_1.region007,PKS-NRP_Hybrids,2145732
BNKEBDAM_1.region001,RiPPs,9294
BNPOHKNP_1.region001,Others,138061
BOEABOII_1.region001,Others,648231
BOGCBOEG_1.region001,Others,199494
BPJEJJNG_1.region001,RiPPs,518052
BPJEJJNG_1.region002,RiPPs,518052
BPOLMEKI_1.region001,Terpene,378348
CAAEAHPJ_1.region001,Others,906103
CAAEAHPJ_1.region002,NRPS,906103
CAEEAOHM_1.region001,RiPPs,131885
CAHBOJID_1.region001,RiPPs,92085
CAHHMMEK_1.region001,RiPPs,470125
CAHHMMEK_1.region002,RiPPs,470125
CAHNBAKN_1.region001,PKSI,54978
CBDLFLGI_1.region001,RiPPs,106981
CBEMMJBC_1.region001,Others,158911
CBLOBDLH_1.region001,PKSI,102023
CBPJBMDL_1.region001,NRPS,39887
CBPJJOCG_1.region001,RiPPs,27435
CBPOCBEH_1.region001,RiPPs,72036
CCBEFLDD_1.region001,Terpene,2580084
CCBEFLDD_1.region002,Others,2580084
CCBEFLDD_1.region003,Others,2580084
CCBEFLDD_1.region004,RiPPs,2580084
CCBEFLDD_1.region005,Terpene,2580084
CCCAJAFM_1.region001,Others,273667
CCDDJLJN_1.region001,RiPPs,2249899
CCDDJLJN_1.region002,Others,2249899
CDAGPOMN_1.region001,Others,170002
CDDPNFOL_1.region001,RiPPs,605219
CDEHKKLF_1.region001,Others,155026
CDFFPOLJ_1.region001,RiPPs,147896
CDFFPOLJ_1.region002,Others,147896
CDHGHLKG_1.region001,Others,191151
CDHJKBPE_1.region001,Others,437906
CDMOGLCK_1.region001,RiPPs,616549
CDOBCOCP_1.region001,Others,755598
CEAOCFJL_1.region001,RiPPs,32014
CEGNAPEP_1.region001,Others,292135
CEKIOMPI_1.region001,PKS-NRP_Hybrids,374161
CEKKKANP_1.region001,RiPPs,157775
CEPJBIIG_1.region001,RiPPs,70480
CFECODDJ_1.region001,RiPPs,427855
CFECODDJ_1.region002,RiPPs,427855
CFHGODDO_1.region001,Others,198504
CFKKNKKK_1.region001,RiPPs,9294
CFPFCHMA_1.region001,NRPS,2066085
CFPFCHMA_1.region002,PKS-NRP_Hybrids,2066085
CFPFCHMA_1.region003,RiPPs,2066085
CFPFCHMA_1.region004,Others,2066085
CFPFCHMA_1.region005,Others,2066085
CFPFCHMA_1.region006,Others,2066085
CGKNKHCP_1.region001,PKSother,177718
CHFANCPC_1.region001,NRPS,113522
CHFDLKOP_1.region001,RiPPs,9319
CHFEGGIA_1.region001,RiPPs,392817
CHKDALKD_1.region001,Others,1363628
CHPDKCKH_1.region001,Others,990934
CIAKOHPC_1.region001,NRPS,270082
CIBIEPJG_1.region001,RiPPs,436718
CICJGKNF_1.region001,Others,382976
CINLNKMB_1.region001,RiPPs,407814
CINLNKMB_1.region002,RiPPs,407814
CIOEFODI_1.region001,NRPS,2657929
CIOEFODI_1.region002,PKSI,2657929
CIOEFODI_1.region003,Others,2657929
CIOEFODI_1.region004,Others,2657929
CIOEFODI_1.region005,PKSother,2657929
CIOEFODI_1.region006,Terpene,2657929
CIOEFODI_1.region007,PKSI,2657929
CJGGEFEK_1.region001,Others,299296
CJGOPALP_1.region001,Others,176006
CJIKLDHE_1.region001,PKS-NRP_Hybrids,196020
CJIKLDHE_1.region002,PKSI,196020
CKFOKDOH_1.region001,NRPS,236058
CKHAJMHC_1.region001,RiPPs,2096125
CKHAJMHC_1.region002,RiPPs,2096125
CKHAJMHC_1.region003,RiPPs,2096125
CKHAJMHC_1.region004,RiPPs,2096125
CKHGGIEG_1.region001,RiPPs,30343
CKLPPKIB_1.region001,RiPPs,21001
CLIGDELG_1.region001,NRPS,8180
CLIHHJBH_1.region001,Others,436017
CLLKNAOH_1.region001,Others,571293
CLLKNAOH_1.region002,Others,571293
CLMBGNHO_1.region001,RiPPs,206535
CMCDGFIF_1.region001,NRPS,778798
CMGDJCKI_1.region001,RiPPs,412022
CMGDJCKI_1.region002,Others,412022
CNDBJDBK_1.region001,Others,141792
CNFLIEGN_1.region001,RiPPs,1681904
CNFLIEGN_1.region002,Others,1681904
CNLNIFIK_1.region001,RiPPs,24185
CNNDBKJE_1.region001,Others,174241
COHAAOEF_1.region001,NRPS,106137
COIHHLJC_1.region001,PKSother,111833
COMCPJGA_1.region001,RiPPs,116417
CPCJHLDL_1.region001,RiPPs,6036
CPGPINDP_1.region001,Others,154853
CPMAKLGC_1.region001,Others,189990
DAAINFHM_1.region001,RiPPs,615363
DAAINFHM_1.region002,Terpene,615363
DAHIGKCC_1.region001,Others,78194
DANCNCLJ_1.region001,RiPPs,68145
DBALJHFF_1.region001,PKS-NRP_Hybrids,322518
DBDMAPGP_1.region001,Others,115566
DBDMAPGP_1.region002,RiPPs,115566
DBGNKIAF_1.region001,PKS-NRP_Hybrids,316814
DBHKOPGE_1.region001,RiPPs,1126962
DBHKOPGE_1.region002,RiPPs,1126962
DBHKOPGE_1.region003,NRPS,1126962
DBHKOPGE_1.region004,Others,1126962
DBHKOPGE_1.region005,NRPS,1126962
DBHKOPGE_1.region006,RiPPs,1126962
DBNBOGDG_1.region001,RiPPs,414617
DBNBOGDG_1.region002,RiPPs,414617
DBOIFPIB_1.region001,RiPPs,1486041
DCECMNBK_1.region001,RiPPs,24365
DCFIFIMD_1.region001,Others,219313
DCHKMNHM_1.region001,RiPPs,19280
DCHNKBIJ_1.region001,NRPS,615278
DCHNKBIJ_1.region002,RiPPs,615278
DCLDMDAI_1.region001,Others,306103
DCMCLHPH_1.region001,RiPPs,47816
DCMDNMEK_1.region001,NRPS,976232
DDACOPGH_1.region001,RiPPs,517692
DDACOPGH_1.region002,RiPPs,517692
DDDKDODA_1.region001,PKSI,15584
DDFFLIBJ_1.region001,RiPPs,203183
DDFFLIBJ_1.region002,RiPPs,203183
DDIMBJKI_1.region001,RiPPs,12459
DDIOKBJN_1.region001,RiPPs,152440
DDKGDMOA_1.region001,PKSother,442228
DDKGDMOA_1.region002,RiPPs,442228
DDKGDMOA_1.region003,RiPPs,442228
DDLGEOAI_1.region001,RiPPs,27490
DDPABOJP_1.region001,Others,247065
DEBELJBL_1.region001,Others,990934
DEBIOCKL_1.region001,Others,1412628
DELEKDIK_1.region001,RiPPs,917738
DELIPAOB_1.region001,RiPPs,208588
DEMOHMCK_1.region001,Others,209222
DENHKDIC_1.region001,RiPPs,505334
DFDAMNAH_1.region001,RiPPs,31304
DFDBOAEE_1.region001,Others,221862
DFHJDDNP_1.region001,PKSother,371254
DFHJDDNP_1.region002,RiPPs,371254
DFHJDDNP_1.region003,RiPPs,371254
DFIEPBFA_1.region001,RiPPs,892708
DFIEPBFA_1.region002,RiPPs,892708
DFJGLBFM_1.region001,NRPS,166875
DGKIIGJA_1.region001,NRPS,822304
DGKIIGJA_1.region002,NRPS,822304
DGKIIGJA_1.region003,NRPS,822304
DGKIIGJA_1.region004,Others,822304
DGKIIGJA_1.region005,Others,822304
DHEECFFB_1.region001,Others,241798
DHFEMKDC_1.region001,Others,217594
DIDLBGGP_1.region001,RiPPs,628837
DIDLBGGP_1.region002,PKSI,628837
DIDPCDMM_1.region001,RiPPs,9957
DIEFCIBK_1.region001,RiPPs,14060
DIJDOKJL_1.region001,RiPPs,259837
DILBDLOI_1.region001,Others,120653
DIMCAGDO_1.region001,Others,227762
DIMCAGDO_1.region002,Others,227762
DIMMJJGC_1.region001,Others,118633
DIOMGIFK_1.region001,Others,174847
DJBEKGKH_1.region001,Others,87173
DJCAMOMC_1.region001,RiPPs,2555069
DJCAMOMC_1.region002,RiPPs,2555069
DJCAMOMC_1.region003,RiPPs,2555069
DJDCKDJA_1.region001,RiPPs,20222
DJKGFGOJ_1.region001,RiPPs,6750
DJNPKBME_1.region001,Others,40342
DJOMANIL_1.region001,RiPPs,212180
DJOMFDIF_1.region001,Others,489136
DJOMFDIF_1.region002,RiPPs,489136
DKBHALFC_1.region001,RiPPs,94791
DKEPOGEK_1.region001,Others,433056
DKEPOGEK_1.region002,RiPPs,433056
DKFLKONN_1.region001,Others,110808
DKIIIHLL_1.region001,RiPPs,75962
DKIIKHCI_1.region001,RiPPs,359439
DKIIKHCI_1.region002,Others,359439
DKOCGANO_1.region001,NRPS,261596
DKPCCOBN_1.region001,RiPPs,1639840
DKPCCOBN_1.region002,RiPPs,1639840
DLAHKIDD_1.region001,RiPPs,463906
DLHJEDKH_1.region001,RiPPs,626744
DLHJEDKH_1.region002,RiPPs,626744
DMCFKJMO_1.region001,RiPPs,170854
DMECOKNG_1.region001,Others,1189373
DMEOBKGL_1.region001,NRPS,793876
DMGMMNON_1.region001,Others,167269
DMICJNIG_1.region001,PKS-NRP_Hybrids,358965
DMIMGGOI_1.region001,RiPPs,33333
DMIOFOIG_1.region001,RiPPs,73801
DMOIOEJB_1.region001,Others,218458
DMPANFKB_1.region001,Others,1144005
DMPPGMHF_1.region001,PKSother,441112
DNFENFGD_1.region001,RiPPs,18787
DNNPCCAF_1.region001,Terpene,280753
DNPMLLGH_1.region001,RiPPs,785419
DOCCAILK_1.region001,RiPPs,413457
DOCCAILK_1.region002,RiPPs,413457
DOKPCEIC_1.region001,RiPPs,17307
DOMHMFDO_1.region001,RiPPs,64303
DOMHMFDO_1.region002,RiPPs,64303
DONEGPIN_1.region001,Terpene,64385
DONEGPIN_1.region002,Terpene,64385
DONEPEBG_1.region001,NRPS,194711
DONOGPLO_1.region001,Others,152317
DOPEIDDJ_1.region001,RiPPs,17307
DPBDCGGO_1.region001,RiPPs,301264
DPCCFJGI_1.region001,RiPPs,6037
DPMHKDJL_1.region001,Others,439584
DPMHKDJL_1.region002,RiPPs,439584
DPNACLNG_1.region001,Others,131950
DPOIPOBG_1.region001,NRPS,793818
EAAONCJO_1.region001,RiPPs,1617037
EAAONCJO_1.region002,RiPPs,1617037
EABKHEID_1.region001,Others,261820
EAFJHJKK_1.region001,RiPPs,1632395
EAFJHJKK_1.region002,Others,1632395
EAFJHJKK_1.region003,RiPPs,1632395
EAIJMHKK_1.region001,RiPPs,242436
EAMIEFBA_1.region001,Others,284332
EAMIEFBA_1.region002,RiPPs,284332
EBBNPKPF_1.region001,Others,756828
EBBNPKPF_1.region002,PKSother,756828
EBKCMIKD_1.region001,RiPPs,414090
EBKCMIKD_1.region002,RiPPs,414090
EBOMONHP_1.region001,NRPS,297816
EBOMONHP_1.region002,Others,297816
EBOMONHP_1.region003,Others,297816
ECAIDANK_1.region001,RiPPs,356087
ECFDGNHP_1.region001,RiPPs,58432
ECGFAMEJ_1.region001,Others,108430
EDHMFGGL_1.region001,Others,166725
EDNDLICA_1.region001,RiPPs,126555
EEGMJOLC_1.region001,PKS-NRP_Hybrids,276215
EEGMJOLC_1.region002,Others,276215
EEIFMCAG_1.region001,Others,94494
EEPEEMEB_1.region001,RiPPs,16404
EEPJLHOI_1.region001,Others,86642
EFEFMPGG_1.region001,Others,83306
EFNBOBNP_1.region001,Others,137728
EFNBOBNP_1.region002,RiPPs,137728
EGCJGJBC_1.region001,RiPPs,413457
EGCJGJBC_1.region002,RiPPs,413457
EGCNHFNL_1.region001,RiPPs,1932030
EGCNHFNL_1.region002,RiPPs,1932030
EGCNHFNL_1.region003,RiPPs,1932030
EGIKOOJG_1.region001,RiPPs,459642
EGMADAGI_1.region001,Others,874997
EGMADAGI_1.region002,Others,874997
EGMADAGI_1.region003,Others,874997
EGMADAGI_1.region004,PKSother,874997
EGMADAGI_1.region005,Others,874997
EGMADAGI_1.region006,NRPS,874997
EGMADAGI_1.region007,Others,874997
EHCMIOGD_1.region001,PKS-NRP_Hybrids,380781
EHNHNAOE_1.region001,RiPPs,258230
EHNNIJNP_1.region001,RiPPs,41610
EHPADACM_1.region001,RiPPs,40448
EIACKADJ_1.region001,Others,742947
EIACKADJ_1.region002,RiPPs,742947
EIACKADJ_1.region003,Others,742947
EIACKADJ_1.region004,Terpene,742947
EIACKADJ_1.region005,Others,742947
EIBIBDKH_1.region001,Others,69598
EIHGCICD_1.region001,Others,125266
EIHGCICD_1.region002,Others,125266
EJDHDNJA_1.region001,PKSother,174155
EJEJOAOP_1.region001,Others,148650
EJLHOGJI_1.region001,PKSother,395855
EJLHOGJI_1.region002,RiPPs,395855
EKCNPIKF_1.region001,NRPS,248150
EKCNPIKF_1.region002,Others,248150
EKHEPHHE_1.region001,Others,416269
EKHEPHHE_1.region002,Others,416269
EKLBDGEL_1.region001,Others,176574
EKOFFKIP_1.region001,NRPS,98776
EKPNHBID_1.region001,RiPPs,501077
EKPNHBID_1.region002,RiPPs,501077
EKPOKKHA_1.region001,RiPPs,20730
ELBJGEJI_1.region001,RiPPs,25054
ELCCJJLK_1.region001,Others,86208
ELOGIIDD_1.region001,RiPPs,15271
EMDICCKJ_1.region001,Others,197397
EMDICCKJ_1.region002,NRPS,197397
EMEAMNOF_1.region001,RiPPs,1624370
EMEAMNOF_1.region002,RiPPs,1624370
EMMPCGOA_1.region001,RiPPs,6038
EMPEIIGF_1.region001,NRPS,206583
ENJGIDDE_1.region001,NRPS,1907366
ENJGIDDE_1.region002,NRPS,1907366
ENJGIDDE_1.region003,PKS-NRP_Hybrids,1907366
ENJGIDDE_1.region004,RiPPs,1907366
ENJGIDDE_1.region005,Others,1907366
ENJGIDDE_1.region006,Others,1907366
ENJKBPFP_1.region001,Others,1549593
ENNFAKMF_1.region001,Others,37743
ENOFCDHK_1.region001,RiPPs,193835
ENOFCDHK_1.region002,RiPPs,193835
EOCJENEM_1.region001,RiPPs,6077
EOGGOPJM_1.region001,Others,520614
EOGGOPJM_1.region002,Others,520614
EOGGOPJM_1.region003,Others,520614
EOKCOCKB_1.region001,RiPPs,42655
EONJLPGA_1.region001,RiPPs,202822
EPFODDBO_1.region001,Others,1501701
EPFODDBO_1.region002,PKS-NRP_Hybrids,1501701
EPFODDBO_1.region003,RiPPs,1501701
EPFODDBO_1.region004,RiPPs,1501701
EPHBOOGK_1.region001,Others,208315
EPLFOOKK_1.region001,PKS-NRP_Hybrids,303116
FAKFICLC_1.region001,Others,182640
FAMDPKKB_1.region001,Terpene,304641
FAOAPEND_1.region001,RiPPs,512054
FBAFMBFH_1.region001,Others,506339
FBAFMBFH_1.region002,Others,506339
FBAFMBFH_1.region003,Others,506339
FBAKILAF_1.region001,NRPS,2093441
FBAKILAF_1.region002,Others,2093441
FBAKILAF_1.region003,Others,2093441
FBAKILAF_1.region004,PKS-NRP_Hybrids,2093441
FBAKILAF_1.region005,Others,2093441
FBAKILAF_1.region006,RiPPs,2093441
FBAKILAF_1.region007,NRPS,2093441
FBHIDNHA_1.region001,RiPPs,85507
FBOLGKLA_1.region001,NRPS,328237
FCNHJFNC_1.region001,RiPPs,20653
FCOJPLKO_1.region001,Others,244978
FDCBFFCE_1.region001,Others,148801
FDHIABAK_1.region001,Others,275840
FDICJMIP_1.region001,Others,327451
FDICJMIP_1.region002,Others,327451
FDICJMIP_1.region003,RiPPs,327451
FDICJMIP_1.region004,Others,327451
FEMGOIOP_1.region001,RiPPs,413449
FEMGOIOP_1.region002,RiPPs,413449
FEPNIFKC_1.region001,RiPPs,97606
FFHEGDKP_1.region001,Others,323507
FFHHHKNB_1.region001,RiPPs,37510
FFJDCDJL_1.region001,Others,133853
FFOENLOJ_1.region001,PKS-NRP_Hybrids,591112
FFOENLOJ_1.region002,RiPPs,591112
FFOENLOJ_1.region003,RiPPs,591112
FFOENLOJ_1.region004,NRPS,591112
FFPHLNLF_1.region001,NRPS,364037
FFPHLNLF_1.region002,NRPS,364037
FFPHLNLF_1.region003,RiPPs,364037
FFPHLNLF_1.region004,RiPPs,364037
FFPJDKCE_1.region001,RiPPs,171030
FGCPDOKJ_1.region001,RiPPs,335881
FGEFNFPB_1.region001,Others,348874
FGKGKIMK_1.region001,Others,103275
FGMEJBDC_1.region001,Others,255493
FGMEJBDC_1.region002,RiPPs,255493
FGPIHOFP_1.region001,RiPPs,23351
FHKFFOLA_1.region001,PKSother,431886
FHKFFOLA_1.region002,RiPPs,431886
FHLPLBDF_1.region001,PKS-NRP_Hybrids,204466
FHLPLBDF_1.region002,RiPPs,204466
FHLPLBDF_1.region003,PKS-NRP_Hybrids,204466
FHPGFCPA_1.region001,Others,212255
FIEMGFAP_1.region001,Terpene,742373
FIEMGFAP_1.region002,Others,742373
FIEMGFAP_1.region003,RiPPs,742373
FIEMGFAP_1.region004,Others,742373
FJDOAJOI_1.region001,RiPPs,13713
FJKKNGLF_1.region001,Others,126500
FJKNIPLM_1.region001,NRPS,303282
FKHNAIDG_1.region001,NRPS,113294
FKILDABI_1.region001,Others,93905
FKLBLEIH_1.region001,RiPPs,20409
FLGGHKEN_1.region001,RiPPs,33701
FLLHLBBF_1.region001,RiPPs,6758
FLMNGLMD_1.region001,RiPPs,2011522
FLMNGLMD_1.region002,Others,2011522
FLPMAHNC_1.region001,Others,2000873
FLPMAHNC_1.region002,Others,2000873
FLPMAHNC_1.region003,NRPS,2000873
FLPMAHNC_1.region004,NRPS,2000873
FLPMAHNC_1.region005,RiPPs,2000873
FLPMAHNC_1.region006,Others,2000873
FLPMAHNC_1.region007,PKS-NRP_Hybrids,2000873
FLPNFDLI_1.region001,RiPPs,127923
FMEFFGKP_1.region001,Others,212770
FMEJHPPB_1.region001,RiPPs,326388
FMHNIKHN_1.region001,RiPPs,196671
FNNNKKHF_1.region001,RiPPs,1614950
FOOJPMGO_1.region001,PKSI,190588
FPCFCFBA_1.region001,Others,892745
FPFJDJOK_1.region001,RiPPs,118685
FPFJDJOK_1.region002,PKSother,118685
FPMBNDFB_1.region001,RiPPs,339300
FPMPMNMM_1.region001,RiPPs,30201
GACIGGBD_1.region001,RiPPs,24749
GADKHNOI_1.region001,RiPPs,66247
GAEIHDKK_1.region001,RiPPs,577809
GAEIHDKK_1.region002,RiPPs,577809
GAEIHDKK_1.region003,NRPS,577809
GAEIHDKK_1.region004,NRPS,577809
GAEIHDKK_1.region005,Others,577809
GAHIDHCH_1.region001,Terpene,440026
GALCOEDN_1.region001,NRPS,37688
GAOIGNAP_1.region001,Others,169449
GBAJABMA_1.region001,RiPPs,219748
GBBBCCLM_1.region001,RiPPs,18890
GBCNLEDI_1.region001,PKSother,86370
GBJEAKAC_1.region001,Others,258824
GCCIPLIP_1.region001,NRPS,595108
GCEFEIJN_1.region001,RiPPs,408101
GCKAKNKO_1.region001,PKS-NRP_Hybrids,375718
GCKAKNKO_1.region002,PKSI,375718
GCKAKNKO_1.region003,PKSother,375718
GCLAJPPF_1.region001,RiPPs,11199
GDPAKOLJ_1.region001,RiPPs,407882
GDPAKOLJ_1.region002,RiPPs,407882
GDPHCHFO_1.region001,RiPPs,14709
GEJNOMIC_1.region001,NRPS,216117
GFCFDPPI_1.region001,RiPPs,154467
GFEEOCID_1.region001,Others,210350
GFHCLGCE_1.region001,Others,129777
GGCDEHCH_1.region001,Others,1080727
GGMBIANK_1.region001,Others,124705
GGNODLNN_1.region001,RiPPs,501077
GGNODLNN_1.region002,RiPPs,501077
GGPIICIK_1.region001,Others,416444
GHEOJDCD_1.region001,RiPPs,660973
GHIJAIOA_1.region001,Others,151002
GHLLPJMB_1.region001,Others,1144409
GHNCIAJL_1.region001,Others,1484605
GHNCIAJL_1.region002,RiPPs,1484605
GHNCIAJL_1.region003,Others,1484605
GHNCIAJL_1.region004,Others,1484605
GHPFIFBC_1.region001,RiPPs,427855
GHPFIFBC_1.region002,RiPPs,427855
GIGOPMLN_1.region001,Others,42985
GIHJEFHE_1.region001,NRPS,488888
GIIFKKPB_1.region001,RiPPs,238761
GJHMLFJL_1.region001,RiPPs,143617
GJJFHJIJ_1.region001,Others,549467
GJJFHJIJ_1.region002,Others,549467
GKDIOBPC_1.region001,RiPPs,224872
GKDIOBPC_1.region002,RiPPs,224872
GKFLFICE_1.region001,Others,48922
GKIIKEGA_1.region001,Others,491611
GKOLLIHC_1.region001,RiPPs,11778
GLFONGGF_1.region001,PKS-NRP_Hybrids,247271
GLFONGGF_1.region002,Others,247271
GLHAHJDK_1.region001,RiPPs,83831
GLKGNNGM_1.region001,Others,257708
GLKGNNGM_1.region002,RiPPs,257708
GMNJACNK_1.region001,RiPPs,27490
GMPHGOCH_1.region001,RiPPs,13136
GNBDLFOE_1.region001,RiPPs,35114
GNFNIFOG_1.region001,RiPPs,20730
GNGMMCOK_1.region001,Others,151583
GNGMMCOK_1.region002,Others,151583
GOAFHLMB_1.region001,Others,118136
GOMJBNPF_1.region001,RiPPs,18022
GONPLCKM_1.region001,RiPPs,197153
GPBGHPMD_1.region001,PKSother,414080
GPBGHPMD_1.region002,RiPPs,414080
GPHJDEDK_1.region001,RiPPs,13149
GPHMLDNC_1.region001,RiPPs,17531
GPONHDJJ_1.region001,RiPPs,501946
HACACPEB_1.region001,RiPPs,410512
HAIICLJC_1.region001,PKSI,15586
HAKOHPCG_1.region001,Others,202852
HAOJLBEH_1.region001,NRPS,509170
HBBJOIMJ_1.region001,RiPPs,14369
HBBOFOGC_1.region001,RiPPs,80757
HBJGBMJD_1.region001,Others,1932001
HBJGBMJD_1.region002,PKSother,1932001
HBJGBMJD_1.region003,PKS-NRP_Hybrids,1932001
HBJGBMJD_1.region004,RiPPs,1932001
HBJGBMJD_1.region005,NRPS,1932001
HBMIBPNA_1.region001,PKS-NRP_Hybrids,221009
HCAFPPOA_1.region001,NRPS,181251
HCAOGHPD_1.region001,RiPPs,2277056
HCAOGHPD_1.region002,RiPPs,2277056
HCAOGHPD_1.region003,RiPPs,2277056
HCFBBLGJ_1.region001,Others,256269
HCFBBLGJ_1.region002,Others,256269
HCFGKEHC_1.region001,RiPPs,55548
HCPMDCDI_1.region001,Others,752940
HDAFFKPO_1.region001,Others,146811
HDECPICM_1.region001,Others,1686813
HDECPICM_1.region002,RiPPs,1686813
HDFCKHNG_1.region001,RiPPs,1497349
HDFCKHNG_1.region002,NRPS,1497349
HDFCKHNG_1.region003,PKS-NRP_Hybrids,1497349
HDKILOBM_1.region001,PKSother,645064
HFBPPCOH_1.region001,RiPPs,188936
HFHKIMKM_1.region001,RiPPs,68146
HGAOAEBD_1.region001,RiPPs,21806
HGBNJEAG_1.region001,RiPPs,68798
HGKFOMJK_1.region001,Others,661872
HGLFMFEJ_1.region001,RiPPs,75119
HGLGPMGO_1.region001,NRPS,68752
HGNFOFDI_1.region001,RiPPs,11891
HHGFJGEE_1.region001,Others,224263
HHHBJNFF_1.region001,RiPPs,431484
HHHBJNFF_1.region002,RiPPs,431484
HHILBPMB_1.region001,RiPPs,820516
HHILBPMB_1.region002,PKS-NRP_Hybrids,820516
HHNPMCDI_1.region001,NRPS,488795
HHOCPGHB_1.region001,NRPS,297301
HHOCPGHB_1.region002,NRPS,297301
HIGINDFF_1.region001,Others,130435
HILEGCCJ_1.region001,PKSother,409635
HILEGCCJ_1.region002,RiPPs,409635
HILEGCCJ_1.region003,RiPPs,409635
HIMIAONA_1.region001,Others,173624
HJHPLKJB_1.region001,RiPPs,137143
HJIJMJHB_1.region001,RiPPs,223688
HJJCPOPO_1.region001,PKS-NRP_Hybrids,81966
HJNCOMAP_1.region001,Others,251612
HJNCOMAP_1.region002,Others,251612
HKAMLLKH_1.region001,Others,516088
HKAMLLKH_1.region002,RiPPs,516088
HKBIMFJF_1.region001,RiPPs,7577
HKLIKFOO_1.region001,Others,237766
HLFNCFMH_1.region001,Terpene,380207
HLKFMCPM_1.region001,RiPPs,20729
HLLJCBCH_1.region001,RiPPs,586526
HLLJCBCH_1.region002,PKS-NRP_Hybrids,586526
HLLJCBCH_1.region003,NRPS,586526
HLLJCBCH_1.region004,RiPPs,586526
HLLJCBCH_1.region005,Others,586526
HLMBHMDM_1.region001,Terpene,118476
HLOLKGJB_1.region001,PKS-NRP_Hybrids,948568
HMJFJCDI_1.region001,RiPPs,20633
HMMIJBOC_1.region001,Others,422692
HMMIJBOC_1.region002,RiPPs,422692
HMMIJBOC_1.region003,NRPS,422692
HNALNBFE_1.region001,RiPPs,216196
HNEGHHIG_1.region001,RiPPs,1680729
HNEGHHIG_1.region002,RiPPs,1680729
HNFEAKAG_1.region001,RiPPs,66548
HNGIHFAO_1.region001,Others,136153
HNPHNEAG_1.region001,NRPS,477915
HOEPFBOI_1.region001,RiPPs,85174
HPBFICJA_1.region001,RiPPs,27490
HPBOIHCP_1.region001,NRPS,64128
HPEKBPCF_1.region001,RiPPs,107443
HPEOAJJF_1.region001,RiPPs,20633
HPLHNJBH_1.region001,Others,81553
HPNKAEAG_1.region001,NRPS,68760
IACFPKHK_1.region001,Others,211620
IADBPGFO_1.region001,RiPPs,6751
IAGLAAAE_1.region001,RiPPs,288836
IAMAMJAA_1.region001,Others,339755
IAMAMJAA_1.region002,Others,339755
IANIJPNA_1.region001,RiPPs,14442
IAOCMEMM_1.region001,Others,1245408
IAOCMEMM_1.region002,RiPPs,1245408
IBBOLPPC_1.region001,RiPPs,24729
IBCOMBME_1.region001,RiPPs,244638
IBDBIGBJ_1.region001,Others,655866
IBFGBNAL_1.region001,PKS-NRP_Hybrids,177250
IBGHODDJ_1.region001,RiPPs,407297
IBGHODDJ_1.region002,RiPPs,407297
IBJJDKLG_1.region001,NRPS,25501
IBMCLFCA_1.region001,RiPPs,15096
IBPAANLJ_1.region001,RiPPs,1904893
IBPAANLJ_1.region002,NRPS,1904893
IBPAANLJ_1.region003,RiPPs,1904893
IBPLGBNE_1.region001,Others,117278
ICDNDHFG_1.region001,NRPS,961624
ICFBAGJE_1.region001,PKSI,529571
ICFBAGJE_1.region002,Others,529571
ICFBAGJE_1.region003,Others,529571
ICFBAGJE_1.region004,RiPPs,529571
ICHJKGMO_1.region001,Terpene,5458
ICLJCFPO_1.region001,RiPPs,319133
ICOLBMOI_1.region001,Terpene,342792
IDAMLNFM_1.region001,NRPS,293217
IDCHLHKI_1.region001,Terpene,321744
IDHNCFJL_1.region001,RiPPs,23629
IDMKIKDM_1.region001,RiPPs,56149
IDNDADJG_1.region001,NRPS,70805
IEKDLCPF_1.region001,Others,819020
IEKDLCPF_1.region002,NRPS,819020
IEKDLCPF_1.region003,Others,819020
IEKDLCPF_1.region004,NRPS,819020
IFBGCBGM_1.region001,RiPPs,393846
IFBGCBGM_1.region002,Others,393846
IFDIGADA_1.region001,Others,1074795
IFLDNCOB_1.region001,RiPPs,13141
IFMCNCOF_1.region001,RiPPs,48672
IGCGEHPM_1.region001,RiPPs,70192
IGGFIFDB_1.region001,RiPPs,6038
IHBEDLGC_1.region001,RiPPs,8338
IHGFADJO_1.region001,RiPPs,199075
IHGFADJO_1.region002,PKSother,199075
IHMHMGJF_1.region001,RiPPs,501077
IHMHMGJF_1.region002,RiPPs,501077
IHOBFAOO_1.region001,Others,227503
IHPJGNAD_1.region001,RiPPs,75318
IHPLPBMJ_1.region001,Others,161207
IICHCLMG_1.region001,NRPS,158363
IICOCLJM_1.region001,RiPPs,421824
IICOCLJM_1.region002,RiPPs,421824
IIEKEDFC_1.region001,NRPS,36974
IJJFJIGJ_1.region001,Others,1563772
IJOGNJAP_1.region001,Terpene,707056
IJOGNJAP_1.region002,Others,707056
IJOGNJAP_1.region003,Others,707056
IJOGNJAP_1.region004,Others,707056
IJOGNJAP_1.region005,Others,707056
IJOGNJAP_1.region006,RiPPs,707056
IJOGNJAP_1.region007,Terpene,707056
IJOGNJAP_1.region008,Others,707056
IKFFFBKE_1.region001,RiPPs,1683883
IKFFFBKE_1.region002,RiPPs,1683883
IKFNACEA_1.region001,RiPPs,60232
IKNBDIAG_1.region001,RiPPs,214319
IKNBDLPD_1.region001,Others,127666
ILBBPFDG_1.region001,Others,229716
ILPIOKAA_1.region001,PKS-NRP_Hybrids,46165
IMAAIIAC_1.region001,RiPPs,14041
IMALJBKF_1.region001,RiPPs,601076
IMKLDCNA_1.region001,RiPPs,312478
IMNHMGPK_1.region001,RiPPs,14648
INCEIGJH_1.region001,PKS-NRP_Hybrids,631775
INCEIGJH_1.region002,Others,631775
INDPBENG_1.region001,NRPS,1266105
INDPBENG_1.region002,RiPPs,1266105
INGFHHFA_1.region001,NRPS,2085000
INGFHHFA_1.region002,Others,2085000
INGFHHFA_1.region003,Others,2085000
INGFHHFA_1.region004,RiPPs,2085000
INGFHHFA_1.region005,Others,2085000
INGFHHFA_1.region006,RiPPs,2085000
INGNHBCC_1.region001,RiPPs,8140
INMFMLDN_1.region001,Others,183653
IODPMGGM_1.region001,RiPPs,200151
IOEDBMIF_1.region001,Others,121408
IOEDBMIF_1.region002,RiPPs,121408
IOHDAJCM_1.region001,Others,305110
IOLBGLKJ_1.region001,NRPS,394054
IPCHNHHJ_1.region001,RiPPs,10839
IPFEBLPG_1.region001,RiPPs,84581
IPICIKCI_1.region001,PKSI,15583
IPJOAHNN_1.region001,PKSI,1423499
IPJOAHNN_1.region002,Others,1423499
IPJOAHNN_1.region003,Others,1423499
JADHCIPA_1.region001,Terpene,143277
JAHKINLE_1.region001,Others,407945
JAHKINLE_1.region002,RiPPs,407945
JAIIAIBM_1.region001,RiPPs,37571
JAPIFONA_1.region001,RiPPs,60538
JBLNPBDM_1.region001,RiPPs,95433
JBPBIOHA_1.region001,Others,429111
JBPBIOHA_1.region002,RiPPs,429111
JCKCKBHO_1.region001,RiPPs,22633
JCMEMKJB_1.region001,RiPPs,501077
JCMEMKJB_1.region002,RiPPs,501077
JDBJMHKB_1.region001,Others,194229
JDBJMHKB_1.region002,Others,194229
JEDKHGHK_1.region001,RiPPs,132226
JEDOFDCK_1.region001,Others,312167
JEGKJFFA_1.region001,RiPPs,264403
JENLDOIG_1.region001,PKS-NRP_Hybrids,316160
JFAPMPPB_1.region001,RiPPs,473846
JFAPMPPB_1.region002,Others,473846
JFGPBJCH_1.region001,RiPPs,25025
JFKJHGBA_1.region001,PKSI,46799
JFKLEJFN_1.region001,NRPS,416210
JFKLEJFN_1.region002,RiPPs,416210
JFKLEJFN_1.region003,Others,416210
JFNFABOD_1.region001,RiPPs,53051
JFPGLIPB_1.region001,RiPPs,109681
JFPOMDFF_1.region001,Others,433056
JFPOMDFF_1.region002,RiPPs,433056
JGCAEBIK_1.region001,RiPPs,259837
JGIPHMON_1.region001,RiPPs,501077
JGIPHMON_1.region002,RiPPs,501077
JGKMEHPL_1.region001,RiPPs,121382
JGKPGEOD_1.region001,NRPS,287708
JHBHBPFL_1.region001,Others,194264
JHBPABOM_1.region001,RiPPs,2388366
JHBPABOM_1.region002,Others,2388366
JHBPABOM_1.region003,RiPPs,2388366
JHBPABOM_1.region004,RiPPs,2388366
JHMOKPPF_1.region001,Others,341391
JHNBLPMK_1.region001,RiPPs,410255
JHNBLPMK_1.region002,Terpene,410255
JHNBLPMK_1.region003,Others,410255
JHNBLPMK_1.region004,Others,410255
JHNCDDDB_1.region001,RiPPs,47506
JHPLECIP_1.region001,Others,1195489
JHPLECIP_1.region002,Others,1195489
JIDKFAOF_1.region001,NRPS,1949172
JIDKFAOF_1.region002,NRPS,1949172
JIDKFAOF_1.region003,PKSother,1949172
JIDKFAOF_1.region004,PKS-NRP_Hybrids,1949172
JIDKFAOF_1.region005,RiPPs,1949172
JIDKFAOF_1.region006,Others,1949172
JIHEEGNF_1.region001,Others,1082659
JIIDHKEF_1.region001,RiPPs,132372
JILDGCGB_1.region001,RiPPs,145549
JINFCOIF_1.region001,Others,192095
JIOJKBHJ_1.region001,Others,192103
JJCAKLPO_1.region001,Others,365425
JJCAKLPO_1.region002,RiPPs,365425
JJCCPLHB_1.region001,Others,1613292
JJCCPLHB_1.region002,RiPPs,1613292
JJINCBOM_1.region001,PKS-NRP_Hybrids,98756
JJKPBMLM_1.region001,Terpene,265886
JJPBHPGF_1.region001,RiPPs,20654
JKMKJIJK_1.region001,Others,202175
JLAEEDJB_1.region001,RiPPs,645253
JLBMIFLI_1.region001,RiPPs,20730
JLJGLNCP_1.region001,Others,2061090
JLJGLNCP_1.region002,NRPS,2061090
JLJGLNCP_1.region003,NRPS,2061090
JLJGLNCP_1.region004,Others,2061090
JLJGLNCP_1.region005,RiPPs,2061090
JLJGLNCP_1.region006,Others,2061090
JLJGLNCP_1.region007,PKS-NRP_Hybrids,2061090
JLLPDBFE_1.region001,RiPPs,24653
JLMFOMGM_1.region001,RiPPs,21001
JLMOBGHD_1.region001,Terpene,93578
JLOLPNLH_1.region001,RiPPs,509829
JLPEONEC_1.region001,RiPPs,187263
JMACHPLH_1.region001,RiPPs,8971
JMADNNGF_1.region001,RiPPs,9294
JMENCCBF_1.region001,RiPPs,38556
JMENCCBF_1.region002,RiPPs,38556
JMHNHDNE_1.region001,RiPPs,26419
JNDKBBEM_1.region001,RiPPs,14323
JNLCCMJG_1.region001,Others,2075659
JNLCCMJG_1.region002,Others,2075659
JNLCCMJG_1.region003,PKS-NRP_Hybrids,2075659
JNLCCMJG_1.region004,Others,2075659
JNLCCMJG_1.region005,RiPPs,2075659
JNLCCMJG_1.region006,NRPS,2075659
JNLCCMJG_1.region007,NRPS,2075659
JNLHENPL_1.region001,Others,185462
JNONAMGJ_1.region001,RiPPs,25689
JNPBAOPE_1.region001,PKSI,309692
JNPKCOIF_1.region001,RiPPs,35380
JNPPEJKA_1.region001,RiPPs,58092
JOCNNDLM_1.region001,PKS-NRP_Hybrids,504942
JPBIDIMN_1.region001,Others,1189373
JPLPOMHM_1.region001,Others,2083197
JPLPOMHM_1.region002,NRPS,2083197
JPLPOMHM_1.region003,NRPS,2083197
JPLPOMHM_1.region004,RiPPs,2083197
KAIPPFOF_1.region001,RiPPs,224533
KANEOBAG_1.region001,RiPPs,192000
KBBCHELO_1.region001,Others,256181
KBFBIABC_1.region001,RiPPs,530065
KBFBIABC_1.region002,Others,530065
KBIINKDJ_1.region001,RiPPs,620539
KBKGLNGN_1.region001,NRPS,270082
KBMGKAKI_1.region001,RiPPs,44763
KBMPDOIE_1.region001,Others,174564
KBNJNMKH_1.region001,RiPPs,24653
KCCJBMNH_1.region001,Others,1736943
KCCJBMNH_1.region002,RiPPs,1736943
KCCJBMNH_1.region003,RiPPs,1736943
KCCJBMNH_1.region004,Others,1736943
KCIDAKFH_1.region001,PKSother,294829
KCIEIFJL_1.region001,RiPPs,191996
KCLNBCGC_1.region001,RiPPs,11321
KCPJOAOI_1.region001,NRPS,1331126
KCPJOAOI_1.region002,Others,1331126
KCPJOAOI_1.region003,NRPS,1331126
KDCJBHPN_1.region001,NRPS,2163376
KDCJBHPN_1.region002,Others,2163376
KDCJBHPN_1.region003,Others,2163376
KDCJBHPN_1.region004,PKSother,2163376
KDCJBHPN_1.region005,PKS-NRP_Hybrids,2163376
KDCJBHPN_1.region006,RiPPs,2163376
KDHKIJGO_1.region001,NRPS,311724
KEBFEENJ_1.region001,RiPPs,113685
KEBMICAA_1.region001,Others,70499
KEKPMDDA_1.region001,RiPPs,10899
KFCJEFCD_1.region001,NRPS,1256329
KFCJEFCD_1.region002,RiPPs,1256329
KFEKPJKC_1.region001,RiPPs,67479
KFJBILMM_1.region001,RiPPs,83590
KFMJGOLF_1.region001,Others,274486
KFODBKFO_1.region001,RiPPs,64302
KFPCCIDJ_1.region001,Others,175279
KFPPKEFB_1.region001,RiPPs,40712
KGBPGNLL_1.region001,RiPPs,20672
KGCJMLGK_1.region001,RiPPs,12375
KGIINNLK_1.region001,RiPPs,13141
KGIPFBHM_1.region001,Others,194140
KGIPKFOE_1.region001,Others,121385
KGKGEIEI_1.region001,Others,112708
KGOLMJAM_1.region001,NRPS,435420
KHIKOAMN_1.region001,RiPPs,15096
KHMBLPMM_1.region001,PKSother,355825
KHMBLPMM_1.region002,RiPPs,355825
KHPEKLLC_1.region001,RiPPs,16344
KIEHNGPC_1.region001,Terpene,1766028
KIEHNGPC_1.region002,Terpene,1766028
KIEHNGPC_1.region003,RiPPs,1766028
KIFEDBED_1.region001,RiPPs,20658
KIGIGCHE_1.region001,RiPPs,24657
KIKEINNE_1.region001,Terpene,1754523
KIKEINNE_1.region002,Terpene,1754523
KIKEINNE_1.region003,RiPPs,1754523
KINEBFIB_1.region001,Others,422455
KINEBFIB_1.region002,RiPPs,422455
KIPDPIJO_1.region001,RiPPs,453258
KJCFHABF_1.region001,PKS-NRP_Hybrids,2466951
KJCFHABF_1.region002,Others,2466951
KJCFHABF_1.region003,RiPPs,2466951
KJCFHABF_1.region004,RiPPs,2466951
KJCOPGGP_1.region001,Others,534207
KJGAFBNN_1.region001,Others,88754
KJIFABDH_1.region001,Others,354886
KJNIKGPE_1.region001,Others,433217
KJNIKGPE_1.region002,RiPPs,433217
KJOPFBKL_1.region001,Others,1559666
KKBLCALC_1.region001,Others,661871
KKFDBBGC_1.region001,RiPPs,464024
KKFDBBGC_1.region002,Others,464024
KKFNOOPC_1.region001,RiPPs,59832
KKKDBLHL_1.region001,RiPPs,127862
KKPKHLCF_1.region001,RiPPs,8141
KLAAEENF_1.region001,RiPPs,332144
KLAAEENF_1.region002,RiPPs,332144
KLAFLIDI_1.region001,Others,718394
KLKNKHJA_1.region001,RiPPs,34986
KLLCDMKD_1.region001,PKSother,1161602
KMDGCCCG_1.region001,RiPPs,41908
KMHNAKFJ_1.region001,NRPS,584623
KMHNAKFJ_1.region002,Others,584623
KMHNAKFJ_1.region003,RiPPs,584623
KNIGCIDC_1.region001,RiPPs,9310
KNINPGIN_1.region001,RiPPs,19934
KNJALHGG_1.region001,RiPPs,15028
KNNGJAPB_1.region001,RiPPs,174778
KOFPJHJL_1.region001,Others,149732
KPAHDGBB_1.region001,NRPS,692456
KPAHDGBB_1.region002,RiPPs,692456
KPAHDGBB_1.region003,RiPPs,692456
KPAHDGBB_1.region004,RiPPs,692456
KPCFEEPJ_1.region001,RiPPs,9294
KPGPFEAL_1.region001,NRPS,417054
KPGPFEAL_1.region002,NRPS,417054
KPIEJLMI_1.region001,Others,205997
KPNHBCAF_1.region001,NRPS,360889
KPPKEINE_1.region001,Others,125203
LAHFFNKP_1.region001,PKSother,66727
LAJPGFKB_1.region001,Others,348805
LAKOJMOD_1.region001,RiPPs,1638739
LAPNONJP_1.region001,RiPPs,36273
LBMGJCOI_1.region001,PKS-NRP_Hybrids,593079
LBMMMGNG_1.region001,RiPPs,280527
LBNBALIM_1.region001,RiPPs,244260
LCABIMDP_1.region001,RiPPs,213282
LCBAJPGI_1.region001,Others,244771
LCBHKLIJ_1.region001,RiPPs,737589
LCCPJAFG_1.region001,NRPS,328151
LCKHAIBF_1.region001,Others,210438
LDCOLFDC_1.region001,PKSother,1261460
LDCOLFDC_1.region002,Others,1261460
LDCOLFDC_1.region003,RiPPs,1261460
LDLEALLO_1.region001,RiPPs,93074
LDNBHFPB_1.region001,Others,1499175
LDNBHFPB_1.region002,RiPPs,1499175
LDNBHFPB_1.region003,RiPPs,1499175
LDNBHFPB_1.region004,Others,1499175
LDNOAMDG_1.region001,Others,2177502
LDNOAMDG_1.region002,RiPPs,2177502
LDNOAMDG_1.region003,PKS-NRP_Hybrids,2177502
LDOHDHPO_1.region001,RiPPs,504214
LEAGBOPN_1.region001,NRPS,2089828
LEAGBOPN_1.region002,Others,2089828
LEAGBOPN_1.region003,Others,2089828
LEAGBOPN_1.region004,RiPPs,2089828
LEAGBOPN_1.region005,Others,2089828
LEAGBOPN_1.region006,PKS-NRP_Hybrids,2089828
LEAGBOPN_1.region007,NRPS,2089828
LEMJAFHO_1.region001,PKS-NRP_Hybrids,323122
LEOCOCPE_1.region001,RiPPs,560456
LEOCOCPE_1.region002,RiPPs,560456
LEOKHMEA_1.region001,NRPS,388169
LFCMICLO_1.region001,Others,123733
LFEEKLFB_1.region001,NRPS,870021
LFHGPCIA_1.region001,RiPPs,27490
LFMIJNNO_1.region001,RiPPs,22062
LFMLPAMO_1.region001,Others,1597380
LGEDHJFI_1.region001,Others,1040425
LGEDHJFI_1.region002,PKSother,1040425
LGEOJHAA_1.region001,PKS-NRP_Hybrids,98206
LGEOJHAA_1.region002,NRPS,98206
LGHAPHKJ_1.region001,Others,153231
LGHAPHKJ_1.region002,RiPPs,153231
LGIAMNIC_1.region001,Others,960805
LGIAMNIC_1.region002,RiPPs,960805
LGOIEGEJ_1.region001,NRPS,1883432
LGOIEGEJ_1.region002,Others,1883432
LGOIEGEJ_1.region003,Others,1883432
LGOIEGEJ_1.region004,RiPPs,1883432
LHDFBAAC_1.region001,RiPPs,2069788
LHDFBAAC_1.region002,PKS-NRP_Hybrids,2069788
LHDFBAAC_1.region003,PKSother,2069788
LHDFBAAC_1.region004,Others,2069788
LHDFBAAC_1.region005,NRPS,2069788
LHEKLIML_1.region001,Others,151137
LHFGECDP_1.region001,Others,435821
LHFGECDP_1.region002,RiPPs,435821
LHJCCBJE_1.region001,RiPPs,253580
LHJPAFIE_1.region001,RiPPs,849688
LHJPAFIE_1.region002,NRPS,849688
LHKCDFDM_1.region001,NRPS,39887
LHNNOHCN_1.region001,Others,1571989
LIAKJJEO_1.region001,Others,224152
LICCKNDI_1.region001,RiPPs,15270
LICNIOFN_1.region001,NRPS,73490
LIFECKNM_1.region001,Others,144859
LIFPMECK_1.region001,NRPS,41959
LIIIJKJA_1.region001,NRPS,558192
LIIIJKJA_1.region002,NRPS,558192
LIIIJKJA_1.region003,NRPS,558192
LIIIJKJA_1.region004,NRPS,558192
LINOIMNK_1.region001,RiPPs,78649
LJFILPAN_1.region001,RiPPs,163286
LJFILPAN_1.region002,RiPPs,163286
LKLINGLB_1.region001,Others,262673
LLBKNHCF_1.region001,RiPPs,459642
LLGLLFJE_1.region001,PKSother,49020
LLHFABHN_1.region001,Others,202305
LLPNAPBF_1.region001,Others,427202
LMALOGMB_1.region001,RiPPs,27617
LMGOFECB_1.region001,PKS-NRP_Hybrids,82119
LMGOFECB_1.region002,NRPS,82119
LNBFHPLG_1.region001,Others,421025
LNBFHPLG_1.region002,RiPPs,421025
LNBLDMBJ_1.region001,RiPPs,281957
LNEIKHMN_1.region001,Others,321908
LNEIKHMN_1.region002,RiPPs,321908
LNKCGNLN_1.region001,Others,194226
LNKCGNLN_1.region002,Others,194226
LNMGAJEC_1.region001,RiPPs,20653
LNPKHJNF_1.region001,NRPS,458070
LNPKHJNF_1.region002,PKSother,458070
LOBJHDKM_1.region001,Others,81553
LOHGLNFF_1.region001,RiPPs,321908
LOHGLNFF_1.region002,Others,321908
LOIMANGC_1.region001,RiPPs,312478
LOKNFLOP_1.region001,Terpene,30062
LONMEOMP_1.region001,Others,3672
LPDEOMHG_1.region001,RiPPs,13913
LPEECNBL_1.region001,PKS-NRP_Hybrids,879545
LPEECNBL_1.region002,NRPS,879545
LPEECNBL_1.region003,Others,879545
LPEECNBL_1.region004,RiPPs,879545
LPEMEBIM_1.region001,Terpene,232605
LPPFDIKL_1.region001,Others,529676
LPPFDIKL_1.region002,Terpene,529676
LPPFDIKL_1.region003,Others,529676
MABMGOBL_1.region001,RiPPs,150791
MACPDCLF_1.region001,Terpene,149806
MAIIMAOC_1.region001,PKS-NRP_Hybrids,68686
MAPMFCFE_1.region001,NRPS,591110
MAPMFCFE_1.region002,RiPPs,591110
MAPMFCFE_1.region003,RiPPs,591110
MAPMFCFE_1.region004,PKS-NRP_Hybrids,591110
MBIBCHMN_1.region001,RiPPs,3904
MBJILJPM_1.region001,Others,194170
MBKMBDEI_1.region001,RiPPs,144522
MBKPNFII_1.region001,Others,424140
MBOMILNL_1.region001,Others,186459
MCBINCBD_1.region001,RiPPs,15100
MCDDPBIG_1.region001,RiPPs,1683348
MCDDPBIG_1.region002,RiPPs,1683348
MCGIJBCB_1.region001,NRPS,430631
MCGIJBCB_1.region002,PKS-NRP_Hybrids,430631
MCGIJBCB_1.region003,Others,430631
MDDGLMJB_1.region001,NRPS,223537
MDDMDDGK_1.region001,RiPPs,191996
MDFLFNKM_1.region001,Others,210614
MDKOKKNP_1.region001,RiPPs,437451
MDKOKKNP_1.region002,PKS-NRP_Hybrids,437451
MDNDHAPC_1.region001,Others,174041
MDODADFK_1.region001,RiPPs,365084
MDODADFK_1.region002,Others,365084
MEEMKCFP_1.region001,RiPPs,1633319
MEEMKCFP_1.region002,Others,1633319
MEMCLCGI_1.region001,RiPPs,453545
MENPDPGB_1.region001,RiPPs,201621
MFAPFGJK_1.region001,RiPPs,129884
MFKMEHKI_1.region001,Others,149683
MFNCGGLP_1.region001,Others,117795
MFPCFGEO_1.region001,PKSother,648491
MFPCFGEO_1.region002,RiPPs,648491
MGBBJPOA_1.region001,RiPPs,18800
MGEJIPOJ_1.region001,NRPS,1936579
MGEJIPOJ_1.region002,Others,1936579
MGEJIPOJ_1.region003,Others,1936579
MGEJIPOJ_1.region004,PKS-NRP_Hybrids,1936579
MGEJIPOJ_1.region005,Others,1936579
MGEJIPOJ_1.region006,RiPPs,1936579
MGEJIPOJ_1.region007,NRPS,1936579
MGIGAAKN_1.region001,Others,1664896
MGIGAAKN_1.region002,RiPPs,1664896
MGJIMAAJ_1.region001,RiPPs,15101
MGJLJAKL_1.region001,RiPPs,213830
MGJOICEN_1.region001,RiPPs,10406
MHDILKFP_1.region001,RiPPs,20440
MHIIBKNE_1.region001,RiPPs,1169137
MHIIBKNE_1.region002,NRPS,1169137
MHIIBKNE_1.region003,Others,1169137
MHJKPCLD_1.region001,PKS-NRP_Hybrids,123028
MHKMELEG_1.region001,NRPS,127885
MHMDLMAJ_1.region001,Others,168543
MJFPLJBO_1.region001,NRPS,1999545
MJFPLJBO_1.region002,Others,1999545
MJFPLJBO_1.region003,PKSI,1999545
MJFPLJBO_1.region004,PKS-NRP_Hybrids,1999545
MJFPLJBO_1.region005,PKS-NRP_Hybrids,1999545
MJFPLJBO_1.region006,RiPPs,1999545
MJLJDAHM_1.region001,Others,1048055
MJNGOBNN_1.region001,Others,146002
MKOBNLKL_1.region001,RiPPs,17334
MLDDIDII_1.region001,RiPPs,68145
MLDNFBKK_1.region001,Others,219385
MLEFBKLA_1.region001,Others,543095
MLEFBKLA_1.region002,RiPPs,543095
MLEFBKLA_1.region003,Others,543095
MLIPGIKI_1.region001,RiPPs,761374
MLIPGIKI_1.region002,Others,761374
MLJPJPPM_1.region001,RiPPs,1690594
MLJPJPPM_1.region002,Others,1690594
MLJPJPPM_1.region003,RiPPs,1690594
MLLLCDMB_1.region001,RiPPs,47816
MLLNAKNG_1.region001,NRPS,33560
MLPCGBHJ_1.region001,RiPPs,65037
MMAAHBFD_1.region001,RiPPs,44285
MMEIJIJL_1.region001,RiPPs,38211
MMKBJJLD_1.region001,RiPPs,20291
MMMPHIPH_1.region001,NRPS,66164
MMPDHLKJ_1.region001,Others,452156
MNEBOGEC_1.region001,NRPS,667306
MNGJONMB_1.region001,Others,77876
MNKGCHAL_1.region001,RiPPs,505136
MNOBPBKI_1.region001,Terpene,276571
MNOBPBKI_1.region002,Others,276571
MNOBPBKI_1.region003,RiPPs,276571
MNODEAKP_1.region001,PKSother,438379
MNODEAKP_1.region002,RiPPs,438379
MNODEAKP_1.region003,RiPPs,438379
MNPEAICM_1.region001,Others,2253963
MNPEAICM_1.region002,RiPPs,2253963
MNPEAICM_1.region003,RiPPs,2253963
MNPPNLIK_1.region001,RiPPs,507254
MNPPNLIK_1.region002,Others,507254
MNPPNLIK_1.region003,Others,507254
MOABAMDO_1.region001,Others,1279723
MONHAMBK_1.region001,Others,203748
MPBGLKFE_1.region001,Others,144167
MPBGLKFE_1.region002,NRPS,144167
MPHDMFAM_1.region001,RiPPs,45052
MPNGIANH_1.region001,RiPPs,501077
MPNGIANH_1.region002,RiPPs,501077
NABMHOFH_1.region001,RiPPs,202319
NAHGEODF_1.region001,RiPPs,24491
NAIMKMBA_1.region001,RiPPs,684202
NAIMKMBA_1.region002,RiPPs,684202
NBJHFPLF_1.region001,RiPPs,71826
NBLBDPCD_1.region001,Others,214233
NCAHJAEN_1.region001,PKSother,403746
NCAHJAEN_1.region002,RiPPs,403746
NCAHJAEN_1.region003,RiPPs,403746
NCAJBEPH_1.region001,Others,426282
NCAJBEPH_1.region002,RiPPs,426282
NCAJBEPH_1.region003,NRPS,426282
NCAJBEPH_1.region004,RiPPs,426282
NCDEOPGK_1.region001,Others,151687
NCMNPOKE_1.region001,RiPPs,506687
NCMNPOKE_1.region002,RiPPs,506687
NCOEDLBN_1.region001,Terpene,793953
NCOEDLBN_1.region002,Others,793953
NCOEDLBN_1.region003,Terpene,793953
NCPLKNKK_1.region001,Others,271168
NCPLKNKK_1.region002,NRPS,271168
NDAHLNGE_1.region001,RiPPs,504141
NDEBDMEH_1.region001,Others,319570
NDEBDMEH_1.region002,RiPPs,319570
NDKGPMJP_1.region001,RiPPs,14249
NDKMIMEB_1.region001,Others,742499
NDPEFKGJ_1.region001,Terpene,328324
NECEKLIG_1.region001,Others,667630
NEEHNHMH_1.region001,Others,1455109
NEEHNHMH_1.region002,Others,1455109
NEEHNHMH_1.region003,NRPS,1455109
NEEHNHMH_1.region004,RiPPs,1455109
NEEHNHMH_1.region005,RiPPs,1455109
NEEHNHMH_1.region006,RiPPs,1455109
NENJEPCM_1.region001,PKSother,447145
NENJEPCM_1.region002,RiPPs,447145
NENJEPCM_1.region003,RiPPs,447145
NENKBMNL_1.region001,Others,1433621
NENKBMNL_1.region002,Others,1433621
NENNIFPH_1.region001,Others,133057
NENNIFPH_1.region002,Others,133057
NFMDBGAG_1.region001,RiPPs,141238
NFMGHEHG_1.region001,RiPPs,69485
NFNJBKKN_1.region001,Others,573680
NGACCECH_1.region001,RiPPs,53300
NGEKMBEG_1.region001,RiPPs,9294
NGFAFDDB_1.region001,RiPPs,773015
NGGJIAIO_1.region001,RiPPs,89015
NGNCLBLK_1.region001,RiPPs,39308
NHACNENP_1.region001,Others,1201422
NHCJFEGG_1.region001,RiPPs,172088
NHGAGJGD_1.region001,RiPPs,1701381
NHGAGJGD_1.region002,Others,1701381
NHGAGJGD_1.region003,RiPPs,1701381
NHMAMHCG_1.region001,Others,1165895
NIAHIIBC_1.region001,Others,78238
NIEHKFEM_1.region001,Others,300156
NIEHKFEM_1.region002,RiPPs,300156
NIEHKFEM_1.region003,PKS-NRP_Hybrids,300156
NIJABODM_1.region001,PKSother,314518
NIODEKFK_1.region001,Terpene,185176
NJALLEOG_1.region001,Others,155004
NJALLEOG_1.region002,Terpene,155004
NJALLEOG_1.region003,RiPPs,155004
NJEFIKHJ_1.region001,RiPPs,1646425
NJEFIKHJ_1.region002,Others,1646425
NJEFIKHJ_1.region003,RiPPs,1646425
NJNEEJPP_1.region001,RiPPs,239246
NJNHIBBF_1.region001,Others,272202
NJOHFFIA_1.region001,NRPS,76597
NKBMEBOF_1.region001,PKSI,1812548
NKBMEBOF_1.region002,PKSI,1812548
NKBMEBOF_1.region003,NRPS,1812548
NKBMEBOF_1.region004,Others,1812548
NKBMEBOF_1.region005,NRPS,1812548
NKBMEBOF_1.region006,Others,1812548
NKBMEBOF_1.region007,Terpene,1812548
NKBMEBOF_1.region008,Others,1812548
NKBMEBOF_1.region009,Others,1812548
NKBMEBOF_1.region010,PKSother,1812548
NKBMEBOF_1.region011,PKSI,1812548
NKBMEBOF_1.region012,Others,1812548
NKBMEBOF_1.region013,Others,1812548
NKBMEBOF_1.region014,Terpene,1812548
NKBMEBOF_1.region015,Others,1812548
NKFOMPED_1.region001,PKSother,686487
NKJHHKFN_1.region001,RiPPs,6774
NKLPLEAF_1.region001,Others,40303
NLDCKJLN_1.region001,Others,206479
NLGPBMOP_1.region001,RiPPs,9105
NLOLMLCD_1.region001,Others,293592
NLOLMLCD_1.region002,RiPPs,293592
NLPEHHGA_1.region001,PKSother,499136
NLPEHHGA_1.region002,Others,499136
NLPEHHGA_1.region003,RiPPs,499136
NMDONEJB_1.region001,Others,1354226
NMOAJBEI_1.region001,PKSother,435286
NMOAJBEI_1.region002,RiPPs,435286
NMOLFIGP_1.region001,Terpene,543504
NMOLFIGP_1.region002,Others,543504
NNGKFBPC_1.region001,PKSother,84833
NNHAICIC_1.region001,Others,2011513
NNHAICIC_1.region002,NRPS,2011513
NNHAICIC_1.region003,Others,2011513
NNHAICIC_1.region004,RiPPs,2011513
NNHAICIC_1.region005,RiPPs,2011513
NNJFDLMI_1.region001,RiPPs,72663
NOBENGAF_1.region001,RiPPs,326530
NODGHPDM_1.region001,RiPPs,1683333
NODGHPDM_1.region002,RiPPs,1683333
NOFDACOL_1.region001,Others,406285
NOIGIGHA_1.region001,RiPPs,15271
NOJLMNFL_1.region001,Others,959196
NOJLMNFL_1.region002,Others,959196
NOMEDCPC_1.region001,NRPS,1959334
NOMEDCPC_1.region002,Others,1959334
NOMEDCPC_1.region003,Others,1959334
NOMEDCPC_1.region004,PKS-NRP_Hybrids,1959334
NOMEDCPC_1.region005,Others,1959334
NOMEDCPC_1.region006,RiPPs,1959334
NOMEDCPC_1.region007,PKSother,1959334
NOMEDCPC_1.region008,RiPPs,1959334
NOMGDBIF_1.region001,RiPPs,48790
NONMBBCA_1.region001,RiPPs,36802
NPEBEHLO_1.region001,RiPPs,286635
NPJDCIPH_1.region001,RiPPs,2011268
NPJDCIPH_1.region002,NRPS,2011268
NPJDCIPH_1.region003,RiPPs,2011268
NPJDCIPH_1.region004,RiPPs,2011268
NPLENMNN_1.region001,RiPPs,459971
NPLENMNN_1.region002,NRPS,459971
NPLENMNN_1.region003,Others,459971
OABCOJMD_1.region001,Others,183612
OAHNMABM_1.region001,PKSother,429574
OAHNMABM_1.region002,RiPPs,429574
OAKJPNKM_1.region001,RiPPs,20652
OBEHFLOJ_1.region001,NRPS,65009
OBFCOECD_1.region001,RiPPs,82340
OBLHCMIE_1.region001,Others,351911
OBNJPIPA_1.region001,NRPS,889015
OCHDKPPG_1.region001,RiPPs,514994
OCHDKPPG_1.region002,NRPS,514994
OCHDKPPG_1.region003,Others,514994
OCJJJAMB_1.region001,RiPPs,35508
OCPIAAOI_1.region001,Others,690188
ODALPCBA_1.region001,RiPPs,285222
ODCGLFJL_1.region001,Others,188318
ODGBEHEL_1.region001,Terpene,240209
ODNINDAN_1.region001,Others,322226
ODNINDAN_1.region002,Others,322226
ODPFCONK_1.region001,RiPPs,23429
OEEIOMHB_1.region001,NRPS,107431
OEGAALKL_1.region001,RiPPs,1807065
OEIDLCNF_1.region001,NRPS,114265
OEIPHGKI_1.region001,NRPS,270082
OEKFIFEF_1.region001,Others,850061
OEKFIFEF_1.region002,Others,850061
OEKFIFEF_1.region003,Others,850061
OEKFIFEF_1.region004,NRPS,850061
OEKFIFEF_1.region005,Others,850061
OEKFIFEF_1.region006,PKSother,850061
OELBEDAL_1.region001,Others,488062
OEOOEJCM_1.region001,RiPPs,81952
OFABCHNB_1.region001,Others,131196
OFDGEILB_1.region001,RiPPs,20185
OFEDENFK_1.region001,Others,151564
OFGJFEBH_1.region001,Terpene,331058
OFHDMIAE_1.region001,RiPPs,65295
OFJALONB_1.region001,RiPPs,62920
OGBPJGNE_1.region001,NRPS,426602
OGCKAECE_1.region001,Others,433134
OGCKAECE_1.region002,RiPPs,433134
OGDBALCG_1.region001,PKS-NRP_Hybrids,403586
OGDNLEAL_1.region001,Others,47988
OGEEGNGA_1.region001,Others,433209
OGGOOOEL_1.region001,PKS-NRP_Hybrids,314883
OGGOOOEL_1.region002,Others,314883
OGGOOOEL_1.region003,RiPPs,314883
OGLDHCCL_1.region001,Others,228613
OHFHDAJJ_1.region001,Others,246023
OHLGNPEN_1.region001,Others,126488
OHNMFLLD_1.region001,Others,228826
OHPKBPDA_1.region001,Others,233730
OHPKBPDA_1.region002,RiPPs,233730
OIABCGEG_1.region001,Others,165276
OIOCEJKD_1.region001,Others,145221
OJBDBNPM_1.region001,RiPPs,14657
OJDPBCGL_1.region001,NRPS,66798
OJEBIMCM_1.region001,Others,751351
OJGBDJJM_1.region001,NRPS,267609
OJIBINJB_1.region001,RiPPs,27491
OJKKFLJD_1.region001,Others,121703
OJLJBPME_1.region001,Others,128612
OKEOHKFB_1.region001,NRPS,704258
OKLPIPGC_1.region001,RiPPs,167030
OKPAJNKG_1.region001,RiPPs,549819
OKPAPDMP_1.region001,RiPPs,134495
OLDOEPNG_1.region001,Others,66985
OLJIPNEN_1.region001,RiPPs,6075
OLMLKPIF_1.region001,NRPS,247522
OMMCPNFI_1.region001,RiPPs,319710
OMMCPNFI_1.region002,Others,319710
OMNOLJGO_1.region001,Others,434334
OMNOLJGO_1.region002,RiPPs,434334
OMPHJFIC_1.region001,Others,140232
ONBDHILO_1.region001,RiPPs,110092
ONEKAMGA_1.region001,RiPPs,204986
ONGBKENO_1.region001,RiPPs,25284
ONLPIPKM_1.region001,RiPPs,35415
ONLPLKLL_1.region001,NRPS,113163
ONOMPIPJ_1.region001,RiPPs,60563
OOAEJHLH_1.region001,RiPPs,1809491
OOAEJHLH_1.region002,NRPS,1809491
OOAEJHLH_1.region003,Terpene,1809491
OOAEJHLH_1.region004,Others,1809491
OOAEJHLH_1.region005,Others,1809491
OOAEJHLH_1.region006,PKSI,1809491
OOAEJHLH_1.region007,PKSother,1809491
OOAEJHLH_1.region008,Others,1809491
OOAEJHLH_1.region009,Others,1809491
OOAEJHLH_1.region010,Terpene,1809491
OOAEJHLH_1.region011,Others,1809491
OOAEJHLH_1.region012,NRPS,1809491
OOAEJHLH_1.region013,Others,1809491
OOAEJHLH_1.region014,NRPS,1809491
OOAEJHLH_1.region015,PKSI,1809491
OOAEJHLH_1.region016,PKSI,1809491
OOFOLLEE_1.region001,RiPPs,53393
OOHEFLFK_1.region001,RiPPs,1628141
OOHEMKKK_1.region001,RiPPs,177466
OOKCHPIP_1.region001,RiPPs,13123
OONBLJLN_1.region001,RiPPs,58808
OPGPAEDE_1.region001,Others,1165895
OPIHAHHH_1.region001,RiPPs,85134
OPNPKNMM_1.region001,Others,312963
PAHFLLPL_1.region001,NRPS,77702
PAHIHNBD_1.region001,PKS-NRP_Hybrids,242173
PAJEFBNM_1.region001,RiPPs,61350
PALAFGPL_1.region001,NRPS,175021
PALAFGPL_1.region002,NRPS,175021
PBGCFOCN_1.region001,Others,752940
PBPCPACD_1.region001,NRPS,339489
PBPKBJAE_1.region001,NRPS,303282
PBPKHOHP_1.region001,RiPPs,742914
PCKLKJHG_1.region001,Others,729172
PCNKOEOI_1.region001,RiPPs,46296
PCPLDOAL_1.region001,Others,1352561
PDCIMNAJ_1.region001,RiPPs,715614
PDCIMNAJ_1.region002,Others,715614
PDCIMNAJ_1.region003,RiPPs,715614
PDFGALNP_1.region001,NRPS,39889
PDJPPLNL_1.region001,NRPS,438126
PDJPPLNL_1.region002,Others,438126
PDKJCCMJ_1.region001,RiPPs,26236
PEDIKLCD_1.region001,RiPPs,439779
PEDIKLCD_1.region002,RiPPs,439779
PEEAJDFG_1.region001,RiPPs,33702
PEKIDOCO_1.region001,RiPPs,5736
PELOJHFL_1.region001,NRPS,238713
PFAJBOOI_1.region001,RiPPs,337579
PFBGIKLE_1.region001,NRPS,2094509
PFBGIKLE_1.region002,Others,2094509
PFBGIKLE_1.region003,Others,2094509
PFBGIKLE_1.region004,PKS-NRP_Hybrids,2094509
PFBGIKLE_1.region005,Others,2094509
PFBGIKLE_1.region006,RiPPs,2094509
PFBGIKLE_1.region007,NRPS,2094509
PFIEJDNP_1.region001,RiPPs,55746
PFMDLHHN_1.region001,RiPPs,13141
PGGGLHND_1.region001,PKS-NRP_Hybrids,167754
PGINCGPD_1.region001,PKSI,15601
PGIOKJLG_1.region001,Others,202794
PGPNKDOI_1.region001,NRPS,75268
PHBAEIFL_1.region001,Terpene,302599
PHENDNFM_1.region001,Others,457181
PHFMMMDC_1.region001,RiPPs,354564
PHGNPPGC_1.region001,Others,108938
PHHLFAAJ_1.region001,RiPPs,33688
PHKLKNKI_1.region001,Others,694228
PHKLKNKI_1.region002,NRPS,694228
PHNDAAEB_1.region001,Others,198917
PHNDAAEB_1.region002,NRPS,198917
PHNJBJBE_1.region001,RiPPs,17905
PHOPFHJI_1.region001,NRPS,488789
PIHKOGKB_1.region001,NRPS,99806
PIIBELBL_1.region001,Others,151491
PILGCEDB_1.region001,RiPPs,531629
PILIJHNG_1.region001,PKSother,85518
PJDBGLLC_1.region001,Terpene,77607
PJKIFOJE_1.region001,NRPS,460379
PJKIFOJE_1.region002,NRPS,460379
PJKIFOJE_1.region003,RiPPs,460379
PKHLNDEH_1.region001,PKS-NRP_Hybrids,635508
PKLDKLEH_1.region001,Others,228907
PKLKIKJI_1.region001,Others,438384
PKLKIKJI_1.region002,RiPPs,438384
PKMILJJD_1.region001,RiPPs,9328
PLAILGJG_1.region001,Others,184501
PLFJLAIB_1.region001,RiPPs,24828
PLFMFPME_1.region001,Others,305114
PLGOPGEJ_1.region001,Others,1074794
PLOGBLJO_1.region001,RiPPs,28974
PMFDMMMM_1.region001,Others,184668
PMFJEPJN_1.region001,PKSother,177673
PMKJCLFO_1.region001,NRPS,393079
PMNJDIKF_1.region001,RiPPs,1570951
PMPPJCCI_1.region001,NRPS,1569179
PMPPJCCI_1.region002,Others,1569179
PMPPJCCI_1.region003,Others,1569179
POEODHLD_1.region001,NRPS,70384
POMKAIGH_1.region001,NRPS,389676
POMKAIGH_1.region002,Terpene,389676
PPCGMHEJ_1.region001,PKSother,442592
PPCGMHEJ_1.region002,RiPPs,442592
PPFFACIO_1.region001,RiPPs,18664
PPMDBFIJ_1.region001,Terpene,256992
PPPBDAPC_1.region001,Others,442536