Accession,%size BGC,Phylum
NC_000958.1,11.41176338,Deinococcus-Thermus
NC_001949.1,46.4321291,Firmicutes
NC_001988.2,6.364583333,Firmicutes
NC_002119.1,81.54062469,Proteobacteria
NC_002147.1,9.994236702,Proteobacteria
NC_002377.1,10.63098795,Proteobacteria
NC_002575.1,9.478202524,Proteobacteria
NC_002608.1,9.895601013,Euryarchaeota
NC_002679.1,24.57411107,Proteobacteria
NC_002682.1,9.893190601,Proteobacteria
NC_003037.1,1.144343706,Proteobacteria
NC_003065.3,9.632502929,Proteobacteria
NC_003078.1,1.96740633,Proteobacteria
NC_003080.1,70.92787824,Actinobacteria
NC_003140.1,41.75556727,Firmicutes
NC_003265.1,60.41192327,Firmicutes
NC_003276.1,4.834832554,Cyanobacteria
NC_003296.1,12.58180318,Proteobacteria
NC_003320.2,65.13609087,Firmicutes
NC_003458.1,87.40027313,Firmicutes
NC_004041.2,19.7907632,Proteobacteria
NC_004320.1,21.66748849,Actinobacteria
NC_004574.1,13.860074,Proteobacteria
NC_004774.1,50.96317849,Actinobacteria
NC_004808.2,88.11664942,Actinobacteria
NC_004832.1,100,Firmicutes
NC_004955.1,78.12643362,Firmicutes
NC_005004.1,50.18263903,Firmicutes
NC_005010.1,87.45711835,Firmicutes
NC_005011.1,49.84022465,Firmicutes
NC_005207.3,69.46127612,Firmicutes
NC_005241.1,3.287139837,Proteobacteria
NC_005249.1,6.592519999,Proteobacteria
NC_005250.1,49.23779784,Proteobacteria
NC_005838.1,8.964553642,Deinococcus-Thermus
NC_005863.1,31.12688519,Proteobacteria
NC_005916.1,87.01386696,Actinobacteria
NC_005951.1,36.88746853,Firmicutes
NC_006365.1,16.74868256,Proteobacteria
NC_006366.1,36.47045059,Proteobacteria
NC_006462.1,8.120875358,Deinococcus-Thermus
NC_006569.1,2.194011119,Proteobacteria
NC_006625.1,6.45231807,Proteobacteria
NC_007171.1,100,Firmicutes
NC_007182.1,23.07088642,Proteobacteria
NC_007183.1,23.07088642,Proteobacteria
NC_007274.1,15.86661614,Proteobacteria
NC_007675.1,7.812965783,Proteobacteria
NC_007713.1,22.58540801,Proteobacteria
NC_007762.1,16.88007455,Proteobacteria
NC_007765.1,4.354149929,Proteobacteria
NC_007766.1,8.571913272,Proteobacteria
NC_007772.1,37.10981839,Firmicutes
NC_007773.1,55.62656109,Firmicutes
NC_007930.1,6.453249517,Firmicutes
NC_007959.1,13.92434259,Proteobacteria
NC_007960.1,10.9516881,Proteobacteria
NC_007961.1,25.962869,Proteobacteria
NC_007974.2,4.530782719,Proteobacteria
NC_008269.1,3.958862943,Actinobacteria
NC_008270.1,6.005839073,Actinobacteria
NC_008378.1,5.056544612,Proteobacteria
NC_008381.1,8.606225737,Proteobacteria
NC_008382.1,13.60151487,Proteobacteria
NC_008384.1,6.155930559,Proteobacteria
NC_008503.1,63.62082473,Firmicutes
NC_008712.1,10.42661248,Actinobacteria
NC_008741.1,31.72228267,Proteobacteria
NC_009137.1,49.17093392,Firmicutes
NC_009475.1,9.018205973,Proteobacteria
NC_009496.1,99.8042095,Firmicutes
NC_009620.1,1.412392875,Proteobacteria
NC_009621.1,4.708497135,Proteobacteria
NC_009622.1,42.67052113,Proteobacteria
NC_009700.1,100,Firmicutes
NC_009780.1,10.99957316,Proteobacteria
NC_009793.1,93.92080912,Proteobacteria
NC_009837.1,8.273024145,Proteobacteria
NC_009926.1,22.61032016,Cyanobacteria
NC_009927.1,6.167593875,Cyanobacteria
NC_009958.1,13.6251856,Proteobacteria
NC_010066.1,50.42864841,Firmicutes
NC_010076.1,7.990744432,Firmicutes
NC_010077.1,43.00577374,Firmicutes
NC_010180.1,26.75744628,Firmicutes
NC_010257.1,65.76185419,Proteobacteria
NC_010282.1,65.59113894,Firmicutes
NC_010311.1,14.53303642,Actinobacteria
NC_010368.1,12.7178791,Euryarchaeota
NC_010408.1,25.6448397,Actinobacteria
NC_010409.1,8.629687024,Proteobacteria
NC_010419.1,29.0955342,Firmicutes
NC_010474.1,9.366670421,Cyanobacteria
NC_010514.1,48.04931953,Proteobacteria
NC_010517.1,54.72273004,Proteobacteria
NC_010578.1,76.52524465,Proteobacteria
NC_010625.1,4.848986269,Proteobacteria
NC_010627.1,7.449908252,Proteobacteria
NC_010629.1,28.58927287,Cyanobacteria
NC_010630.1,49.57814481,Cyanobacteria
NC_010631.1,6.581604449,Cyanobacteria
NC_010813.1,100,Actinobacteria
NC_010841.1,11.12033732,Proteobacteria
NC_010865.1,33.79733077,Proteobacteria
NC_010883.1,100,Proteobacteria
NC_010924.1,20.41639206,Firmicutes
NC_010929.1,8.424838149,Proteobacteria
NC_010996.1,13.83185236,Proteobacteria
NC_010997.1,5.044327971,Proteobacteria
NC_010998.1,10.33326089,Proteobacteria
NC_011076.1,9.818746552,Proteobacteria
NC_011143.1,4.37782002,Proteobacteria
NC_011228.1,100,Proteobacteria
NC_011355.1,75.97592713,Actinobacteria
NC_011366.1,4.383539265,Proteobacteria
NC_011368.1,5.172082884,Proteobacteria
NC_011655.1,21.54308691,Firmicutes
NC_011738.1,42.40327415,Cyanobacteria
NC_011747.1,10.76927674,Proteobacteria
NC_011758.1,5.770014755,Proteobacteria
NC_011839.1,23.99123991,Firmicutes
NC_011887.1,14.16006287,Proteobacteria
NC_011964.1,11.5592799,Proteobacteria
NC_011973.1,8.93640855,Firmicutes
NC_011977.1,100,Proteobacteria
NC_011980.1,13.95787945,Proteobacteria
NC_011981.1,15.77555301,Proteobacteria
NC_011982.1,4.232219578,Proteobacteria
NC_011984.1,5.146961535,Proteobacteria
NC_011987.1,11.34892276,Proteobacteria
NC_011990.1,11.17464856,Proteobacteria
NC_011991.1,41.14003143,Proteobacteria
NC_012169.1,86.24458995,Spirochaetes
NC_012181.1,77.11454809,Spirochaetes
NC_012219.1,13.59400267,Firmicutes
NC_012222.2,81.3668467,Firmicutes
NC_012520.1,28.60144896,Actinobacteria
NC_012529.1,6.662700395,Deinococcus-Thermus
NC_012551.1,27.39209988,Firmicutes
NC_012718.1,55.41708982,Proteobacteria
NC_012780.1,6.998072578,Firmicutes
NC_012807.1,28.686503,Proteobacteria
NC_012811.1,6.19853186,Proteobacteria
NC_012853.1,6.114073569,Proteobacteria
NC_012858.1,3.328880302,Proteobacteria
NC_012882.1,100,Proteobacteria
NC_013164.1,64.2524618,Firmicutes
NC_013201.1,9.265669651,Euryarchaeota
NC_013290.1,49.3536048,Firmicutes
NC_013293.1,49.65750121,Firmicutes
NC_013301.1,49.79682663,Firmicutes
NC_013303.1,49.84263787,Firmicutes
NC_013304.1,27.87399296,Firmicutes
NC_013313.1,30.27978775,Firmicutes
NC_013317.1,46.76694488,Firmicutes
NC_013322.1,37.52141425,Firmicutes
NC_013326.1,41.75123138,Firmicutes
NC_013331.1,31.70773797,Firmicutes
NC_013334.1,52.66866796,Firmicutes
NC_013340.1,29.31594236,Firmicutes
NC_013348.1,30.18511942,Firmicutes
NC_013367.1,100,Proteobacteria
NC_013368.1,100,Proteobacteria
NC_013377.1,44.26360726,Firmicutes
NC_013379.2,68.69229173,Firmicutes
NC_013449.1,24.98421385,Actinobacteria
NC_013550.1,59.38617745,Firmicutes
NC_013657.1,27.05945081,Firmicutes
NC_013744.1,3.035383217,Euryarchaeota
NC_013792.1,7.426495852,Firmicutes
NC_013855.1,18.90786189,Proteobacteria
NC_013858.1,10.89232981,Proteobacteria
NC_013860.1,21.49879968,Proteobacteria
NC_013923.1,5.54542379,Euryarchaeota
NC_013964.1,3.570857673,Euryarchaeota
NC_014007.1,18.20300146,Proteobacteria
NC_014023.1,16.12532389,Firmicutes
NC_014025.1,63.34253937,Firmicutes
NC_014120.1,11.73783978,Proteobacteria
NC_014159.1,48.65338757,Actinobacteria
NC_014172.1,19.6671811,Firmicutes
NC_014258.1,10.67747076,Proteobacteria
NC_014298.1,3.77370565,Euryarchaeota
NC_014309.1,13.16188217,Proteobacteria
NC_014310.1,12.04364508,Proteobacteria
NC_014382.1,15.63122451,Proteobacteria
NC_014533.1,23.04305067,Cyanobacteria
NC_014534.1,10.38734103,Cyanobacteria
NC_014544.1,30.3761869,Proteobacteria
NC_014563.1,25.1911668,Proteobacteria
NC_014620.1,87.43169399,Firmicutes
NC_014718.1,60.60666128,Proteobacteria
NC_014736.1,11.01972902,Euryarchaeota
NC_014757.1,56.50501345,Firmicutes
NC_014818.1,4.584459183,Proteobacteria
NC_014838.1,8.128692756,Proteobacteria
NC_014839.1,13.95646282,Proteobacteria
NC_015062.1,3.290573823,Proteobacteria
NC_015156.1,30.75653837,Proteobacteria
NC_015165.1,85.57427487,Bacteroidetes
NC_015168.1,56.27074689,Bacteroidetes
NC_015169.1,13.07556324,Deinococcus-Thermus
NC_015258.1,29.65027731,Proteobacteria
NC_015319.1,43.79304203,Firmicutes
NC_015382.1,41.17806781,Proteobacteria
NC_015383.1,14.82484526,Proteobacteria
NC_015517.1,23.16085034,Firmicutes
NC_015561.1,21.19324993,Actinobacteria
NC_015579.1,16.91124032,Proteobacteria
NC_015583.1,3.537786608,Proteobacteria
NC_015592.1,58.15543483,Proteobacteria
NC_015595.1,16.65845005,Proteobacteria
NC_015597.1,11.07547148,Proteobacteria
NC_015603.1,48.36486954,Firmicutes
NC_015658.1,5.193053641,Euryarchaeota
NC_015685.1,12.32983996,Proteobacteria
NC_015686.1,6.364715932,Firmicutes
NC_015689.1,22.04994852,Proteobacteria
NC_015708.1,98.74487705,Proteobacteria
NC_015712.1,20.86575083,Firmicutes
NC_015724.1,6.277172632,Proteobacteria
NC_015727.1,4.948921907,Proteobacteria
NC_015741.1,20.70037829,Proteobacteria
NC_015742.1,7.961897915,Proteobacteria
NC_015951.1,30.11325438,Actinobacteria
NC_015952.1,5.62068731,Actinobacteria
NC_015963.1,7.410406358,Proteobacteria
NC_015974.1,13.85205745,Proteobacteria
NC_016113.1,37.7107706,Actinobacteria
NC_016585.1,8.237210755,Proteobacteria
NC_016586.1,13.84999527,Proteobacteria
NC_016587.1,3.412769875,Proteobacteria
NC_016594.1,3.718683962,Proteobacteria
NC_016595.1,5.115832347,Proteobacteria
NC_016618.1,7.136618047,Proteobacteria
NC_016623.1,9.758346685,Proteobacteria
NC_016646.1,14.38931609,Proteobacteria
NC_016792.1,19.99763035,Firmicutes
NC_016815.1,3.675973523,Proteobacteria
NC_016817.1,7.787533997,Proteobacteria
NC_016835.1,4.373299763,Proteobacteria
NC_016982.1,16.46850199,Firmicutes
NC_017017.1,100,Firmicutes
NC_017060.1,3.553369729,Proteobacteria
NC_017202.1,33.63803417,Firmicutes
NC_017206.1,25.24703912,Firmicutes
NC_017273.1,4.738810888,Deinococcus-Thermus
NC_017296.1,6.364715932,Firmicutes
NC_017311.1,31.12626974,Proteobacteria
NC_017323.1,3.273583131,Proteobacteria
NC_017324.1,2.220257405,Proteobacteria
NC_017326.1,3.390294628,Proteobacteria
NC_017327.1,3.19894644,Proteobacteria
NC_017339.1,49.65750121,Firmicutes
NC_017345.1,42.03176677,Firmicutes
NC_017373.1,85.49158821,Proteobacteria
NC_017499.1,6.437632222,Firmicutes
NC_017533.1,7.324145905,Proteobacteria
NC_017536.1,22.05027996,Proteobacteria
NC_017539.1,12.32983996,Proteobacteria
NC_017541.1,7.129828644,Proteobacteria
NC_017543.1,21.2905373,Firmicutes
NC_017553.1,8.393498912,Proteobacteria
NC_017575.1,14.72430345,Proteobacteria
NC_017585.1,37.93935388,Actinobacteria
NC_017588.1,7.849228617,Deinococcus-Thermus
NC_017589.1,14.54683071,Proteobacteria
NC_017659.1,9.802121583,Proteobacteria
NC_017792.1,31.49536343,Deinococcus-Thermus
NC_017943.1,14.10868944,Euryarchaeota
NC_017957.2,12.00653904,Proteobacteria
NC_017958.1,18.92761247,Proteobacteria
NC_017962.1,12.8368077,Firmicutes
NC_017966.1,14.38970252,Proteobacteria
NC_018022.1,10.59179753,Actinobacteria
NC_018265.1,31.74130353,Firmicutes
NC_018287.1,17.34195659,Proteobacteria
NC_018291.1,14.70972424,Proteobacteria
NC_018421.1,16.19701724,Proteobacteria
NC_018422.1,58.43231416,Proteobacteria
NC_018423.1,14.35858361,Proteobacteria
NC_018486.1,12.9491902,Firmicutes
NC_018499.1,87.89733411,Firmicutes
NC_018510.1,14.59763777,Firmicutes
NC_018682.1,4.436577068,Proteobacteria
NC_018683.1,1.322142048,Proteobacteria
NC_018685.1,12.80165142,Firmicutes
NC_018688.1,20.04629195,Firmicutes
NC_018696.1,1.3866484,Proteobacteria
NC_018701.1,2.668094584,Proteobacteria
NC_018952.1,44.63962494,Firmicutes
NC_018953.1,82.45104368,Proteobacteria
NC_018954.1,9.818746552,Proteobacteria
NC_018965.1,26.47986483,Firmicutes
NC_018966.1,9.873152423,Proteobacteria
NC_018968.1,35.71680045,Firmicutes
NC_019009.1,28.99064999,Firmicutes
NC_019018.1,22.36965464,Actinobacteria
NC_019088.1,44.31650739,Proteobacteria
NC_019117.1,12.29130783,Proteobacteria
NC_019122.1,11.96027347,Proteobacteria
NC_019156.1,77.3856036,Proteobacteria
NC_019240.1,100,Firmicutes
NC_019257.1,22.59231821,Firmicutes
NC_019307.1,31.30974974,Actinobacteria
NC_019358.1,84.25700109,Firmicutes
NC_019364.1,14.25436375,Proteobacteria
NC_019394.1,34.79533899,Proteobacteria
NC_019431.1,50.89442235,Firmicutes
NC_019555.1,6.237045092,Proteobacteria
NC_019561.1,78.37334327,Proteobacteria
NC_019700.1,54.54403693,Cyanobacteria
NC_019727.1,33.47821242,Cyanobacteria
NC_019733.1,59.52380952,Cyanobacteria
NC_019735.1,36.94253133,Cyanobacteria
NC_019746.1,75.51133196,Cyanobacteria
NC_019774.1,11.08128599,Cyanobacteria
NC_019848.2,3.438377834,Proteobacteria
NC_019849.2,3.253122023,Proteobacteria
NC_020050.1,26.5969001,Cyanobacteria
NC_020060.1,6.748995891,Proteobacteria
NC_020061.1,10.10288152,Proteobacteria
NC_020062.1,5.373711656,Proteobacteria
NC_020182.1,82.45104368,Proteobacteria
NC_020208.1,4.742929932,Firmicutes
NC_020263.1,12.21558204,Proteobacteria
NC_020271.1,26.93860362,Proteobacteria
NC_020383.1,24.78915592,Firmicutes
NC_020385.1,17.13753729,Firmicutes
NC_020393.1,40.04244585,Firmicutes
NC_020394.1,52.30607966,Firmicutes
NC_020412.1,100,Proteobacteria
NC_020522.1,28.21880528,Proteobacteria
NC_020527.1,1.145752391,Proteobacteria
NC_020542.1,7.472447796,Proteobacteria
NC_020548.1,5.166291797,Proteobacteria
NC_020560.1,1.967388799,Proteobacteria
NC_020826.1,100,Firmicutes
NC_020827.1,80.94091339,Firmicutes
NC_021080.1,32.95746467,Actinobacteria
NC_021183.1,40.17755136,Firmicutes
NC_021209.1,18.66933485,Proteobacteria
NC_021231.1,10.28191934,Proteobacteria
NC_021289.1,14.07811644,Proteobacteria
NC_021295.1,15.3804425,Proteobacteria
NC_021552.1,41.75556727,Firmicutes
NC_021656.1,14.30621029,Proteobacteria
NC_021666.1,53.01516079,Proteobacteria
NC_021718.1,34.79533899,Proteobacteria
NC_021745.1,13.70064905,Proteobacteria
NC_021815.1,25.19942627,Proteobacteria
NC_021886.1,100,Proteobacteria
NC_021908.1,4.297007737,Proteobacteria
NC_021909.1,6.732286472,Proteobacteria
NC_021910.1,5.425979675,Proteobacteria
NC_021911.1,5.08285619,Proteobacteria
NC_021989.1,83.39950638,Firmicutes
NC_022042.1,17.50194645,Proteobacteria
NC_022044.1,20.74081604,Proteobacteria
NC_022049.1,32.12728758,Proteobacteria
NC_022111.1,1.144926709,Bacteroidetes
NC_022225.1,65.21219999,Proteobacteria
NC_022436.1,42.7187987,Proteobacteria
NC_022585.1,100,Proteobacteria
NC_022598.1,45.92242789,Firmicutes
NC_022884.1,52.23665834,Firmicutes
NC_023024.1,11.40898741,Proteobacteria
NC_023138.1,23.75211845,Proteobacteria
NC_023140.1,17.12594381,Proteobacteria
NC_023142.1,55.96055387,Proteobacteria
NC_023143.1,32.13841175,Proteobacteria
NC_023286.1,10.68143791,Actinobacteria
NC_023315.1,13.49129311,Proteobacteria
NC_023316.1,13.96505608,Actinobacteria
NC_023325.1,100,Proteobacteria
NC_023327.1,8.552713551,Proteobacteria
NC_024962.1,100,Proteobacteria
NC_024984.1,97.57102034,Firmicutes
NC_024989.1,93.63839817,Firmicutes
NC_025002.1,93.63839817,Firmicutes
NC_025024.1,100,Proteobacteria
NC_025179.1,24.21311614,Proteobacteria
NC_025194.1,85.91197386,Firmicutes
NT_187147.1,21.06439215,Proteobacteria
NT_187148.1,25.18597622,Proteobacteria
NT_187149.1,40.61432025,Proteobacteria
NT_187151.1,31.65337669,Proteobacteria
NT_187154.1,92.72727273,Proteobacteria
NT_187163.1,29.67593362,Proteobacteria
NT_187164.1,68.17941429,Proteobacteria
NZ_AP012556.1,40.80149555,Actinobacteria
NZ_AP014640.1,16.29137604,Cyanobacteria
NZ_AP014644.1,16.29137604,Cyanobacteria
NZ_AP014659.1,9.718027844,Proteobacteria
NZ_AP014686.1,9.803362511,Proteobacteria
NZ_AP014688.1,15.14986816,Proteobacteria
NZ_AP014705.1,1.314067719,Proteobacteria
NZ_AP014802.1,34.82385973,Proteobacteria
NZ_AP014865.1,29.32397,Firmicutes
NZ_AP014866.1,14.67002254,Firmicutes
NZ_AP014943.1,37.44634413,Firmicutes
NZ_AP017296.1,40.73650135,Cyanobacteria
NZ_AP017310.1,86.51915362,Cyanobacteria
NZ_CP003988.1,22.87842298,Actinobacteria
NZ_CP004860.1,37.89000028,Firmicutes
NZ_CP004877.1,33.88746507,Firmicutes
NZ_CP005085.1,9.226221346,Proteobacteria
NZ_CP005190.1,7.062830541,Proteobacteria
NZ_CP005931.1,7.423906886,Proteobacteria
NZ_CP005961.1,2.642066493,Proteobacteria
NZ_CP006368.1,6.96723994,Proteobacteria
NZ_CP006369.1,3.093916063,Proteobacteria
NZ_CP006570.1,4.860890382,Proteobacteria
NZ_CP006582.1,17.28635179,Proteobacteria
NZ_CP006583.1,6.404513486,Proteobacteria
NZ_CP006635.1,8.925088694,Proteobacteria
NZ_CP006684.1,23.16671638,Firmicutes
NZ_CP006843.1,34.68476177,Actinobacteria
NZ_CP006878.1,7.169640929,Proteobacteria
NZ_CP006879.1,9.26005512,Proteobacteria
NZ_CP006880.1,4.270899584,Proteobacteria
NZ_CP006919.1,39.49137795,Proteobacteria
NZ_CP006928.1,78.92483683,Proteobacteria
NZ_CP006987.1,5.988045969,Proteobacteria
NZ_CP006988.1,8.856761272,Proteobacteria
NZ_CP006989.1,9.037383675,Proteobacteria
NZ_CP006990.1,7.63578415,Proteobacteria
NZ_CP007046.1,6.59262767,Proteobacteria
NZ_CP007047.1,8.181418082,Proteobacteria
NZ_CP007048.1,7.501076478,Proteobacteria
NZ_CP007056.1,3.423859992,Euryarchaeota
NZ_CP007068.1,4.020534963,Proteobacteria
NZ_CP007069.1,4.334590618,Proteobacteria
NZ_CP007070.1,16.25319937,Proteobacteria
NZ_CP007209.1,61.90206906,Firmicutes
NZ_CP007228.1,10.01907795,Proteobacteria
NZ_CP007238.1,16.48203318,Proteobacteria
NZ_CP007239.1,1.363014335,Proteobacteria
NZ_CP007257.1,7.1316029,Actinobacteria
NZ_CP007513.1,36.77062836,Firmicutes
NZ_CP007515.1,22.38787987,Actinobacteria
NZ_CP007516.1,14.09956878,Actinobacteria
NZ_CP007553.1,14.10868944,Euryarchaeota
NZ_CP007616.1,38.22253189,Firmicutes
NZ_CP007642.1,9.536292043,Proteobacteria
NZ_CP007643.1,18.85458072,Proteobacteria
NZ_CP007644.1,7.817356166,Proteobacteria
NZ_CP007645.1,1.484155636,Proteobacteria
NZ_CP007647.1,7.353878079,Firmicutes
NZ_CP007671.1,32.65716106,Firmicutes
NZ_CP007673.1,34.14624411,Firmicutes
NZ_CP007675.1,41.13486513,Firmicutes
NZ_CP007677.1,82.18974486,Firmicutes
NZ_CP007678.1,90.04977576,Firmicutes
NZ_CP007728.1,77.41123476,Proteobacteria
NZ_CP007794.1,3.449637615,Proteobacteria
NZ_CP007795.1,15.10385884,Proteobacteria
NZ_CP007796.1,16.78720792,Proteobacteria
NZ_CP008715.1,11.94748576,Proteobacteria
NZ_CP008814.1,29.20211488,Firmicutes
NZ_CP008815.1,26.94446114,Firmicutes
NZ_CP008828.1,77.41123476,Proteobacteria
NZ_CP008839.1,42.8437104,Firmicutes
NZ_CP009047.1,54.93791127,Firmicutes
NZ_CP009055.1,27.01551729,Firmicutes
NZ_CP009074.1,82.55943767,Proteobacteria
NZ_CP009112.1,4.895169661,Actinobacteria
NZ_CP009123.1,10.73839339,Proteobacteria
NZ_CP009145.1,1.405806339,Proteobacteria
NZ_CP009146.1,2.048066927,Proteobacteria
NZ_CP009155.1,28.4712798,Proteobacteria
NZ_CP009266.1,14.7769978,Proteobacteria
NZ_CP009292.1,11.06512973,Proteobacteria
NZ_CP009332.1,32.15205247,Firmicutes
NZ_CP009336.1,46.51623417,Firmicutes
NZ_CP009349.1,40.63888448,Firmicutes
NZ_CP009350.1,21.03813185,Firmicutes
NZ_CP009362.1,37.44498199,Firmicutes
NZ_CP009368.1,16.37063623,Firmicutes
NZ_CP009430.1,12.04696358,Proteobacteria
NZ_CP009432.1,12.81189023,Proteobacteria
NZ_CP009433.1,31.41924293,Proteobacteria
NZ_CP009547.1,39.50542427,Proteobacteria
NZ_CP009579.1,10.16543962,Proteobacteria
NZ_CP009595.1,7.428682979,Firmicutes
NZ_CP009606.1,7.428682979,Firmicutes
NZ_CP009627.1,70.07227868,Firmicutes
NZ_CP009639.1,4.321226286,Firmicutes
NZ_CP009691.1,18.27043772,Firmicutes
NZ_CP009719.1,84.20944839,Firmicutes
NZ_CP009763.1,16.03730083,Proteobacteria
NZ_CP009772.1,82.45104368,Proteobacteria
NZ_CP009778.1,76.52413071,Proteobacteria
NZ_CP009860.1,11.87543766,Proteobacteria
NZ_CP009877.1,77.39072848,Proteobacteria
NZ_CP009921.1,7.651428647,Firmicutes
NZ_CP009998.1,30.85514851,Firmicutes
NZ_CP010016.1,5.674228219,Proteobacteria
NZ_CP010024.1,2.400175656,Proteobacteria
NZ_CP010090.1,39.99840481,Firmicutes
NZ_CP010104.1,96.99945185,Proteobacteria
NZ_CP010111.1,4.829639561,Firmicutes
NZ_CP010112.1,46.75514397,Firmicutes
NZ_CP010126.1,8.032475264,Proteobacteria
NZ_CP010127.1,53.18954402,Proteobacteria
NZ_CP010141.1,8.282531128,Proteobacteria
NZ_CP010147.1,16.24152151,Proteobacteria
NZ_CP010149.1,7.225781227,Proteobacteria
NZ_CP010158.1,11.20812988,Proteobacteria
NZ_CP010179.1,9.283008495,Proteobacteria
NZ_CP010189.1,100,Proteobacteria
NZ_CP010198.1,100,Proteobacteria
NZ_CP010204.1,100,Proteobacteria
NZ_CP010210.1,100,Proteobacteria
NZ_CP010217.1,100,Proteobacteria
NZ_CP010225.1,70.19697907,Proteobacteria
NZ_CP010270.1,41.64634937,Firmicutes
NZ_CP010316.1,9.951055854,Proteobacteria
NZ_CP010372.1,9.353951301,Proteobacteria
NZ_CP010408.1,7.869590245,Actinobacteria
NZ_CP010420.1,8.234369806,Proteobacteria
NZ_CP010421.1,18.0515456,Proteobacteria
NZ_CP010956.1,9.060100306,Proteobacteria
NZ_CP010957.1,9.657507464,Proteobacteria
NZ_CP010990.1,45.07990219,Actinobacteria
NZ_CP010991.1,38.61363299,Actinobacteria
NZ_CP011046.1,44.61049192,Actinobacteria
NZ_CP011048.1,15.3676588,Proteobacteria
NZ_CP011152.1,33.78829659,Firmicutes
NZ_CP011154.1,33.95160308,Firmicutes
NZ_CP011156.1,8.825501814,Firmicutes
NZ_CP011157.1,16.40776562,Firmicutes
NZ_CP011249.1,10.62420212,Proteobacteria
NZ_CP011282.1,6.733140908,Firmicutes
NZ_CP011285.1,78.95137356,Firmicutes
NZ_CP011350.1,16.69744436,Firmicutes
NZ_CP011457.1,66.68276825,Cyanobacteria
NZ_CP011493.1,10.27939415,Proteobacteria
NZ_CP011513.1,10.50393376,Firmicutes
NZ_CP011515.1,23.12989915,Proteobacteria
NZ_CP011527.1,20.52746453,Firmicutes
NZ_CP011529.1,57.30801452,Firmicutes
NZ_CP011665.1,16.99035635,Actinobacteria
NZ_CP011667.1,61.00145383,Actinobacteria
NZ_CP011829.1,4.464899383,Firmicutes
NZ_CP011831.1,73.42928314,Firmicutes
NZ_CP011836.1,6.672917286,Proteobacteria
NZ_CP011869.1,27.56706982,Actinobacteria
NZ_CP011948.1,4.176928341,Euryarchaeota
NZ_CP011949.1,6.885176595,Euryarchaeota
NZ_CP011979.1,42.62189694,Proteobacteria
NZ_CP012100.1,9.348351238,Firmicutes
NZ_CP012101.1,3.619004737,Firmicutes
NZ_CP012102.1,34.8167454,Firmicutes
NZ_CP012182.1,26.89574936,Actinobacteria
NZ_CP012183.1,42.91386039,Actinobacteria
NZ_CP012185.1,25.43640986,Actinobacteria
NZ_CP012186.1,22.78742102,Actinobacteria
NZ_CP012255.1,12.25094444,Proteobacteria
NZ_CP012258.1,11.1221557,Proteobacteria
NZ_CP012265.1,9.525978441,Proteobacteria
NZ_CP012267.1,7.312833818,Proteobacteria
NZ_CP012367.1,12.07635682,Firmicutes
NZ_CP012399.1,6.333265858,Proteobacteria
NZ_CP012434.1,56.67911301,Firmicutes
NZ_CP012435.1,77.93087698,Firmicutes
NZ_CP012437.1,5.218868059,Firmicutes
NZ_CP012441.1,5.090739556,Firmicutes
NZ_CP012446.1,72.10434254,Firmicutes
NZ_CP012448.1,4.172283948,Firmicutes
NZ_CP012455.1,5.007171221,Firmicutes
NZ_CP012461.1,5.128128263,Firmicutes
NZ_CP012467.1,5.073176518,Firmicutes
NZ_CP012472.1,4.771290443,Firmicutes
NZ_CP012493.1,20.83102281,Proteobacteria
NZ_CP012575.1,16.81083347,Actinobacteria
NZ_CP012592.1,100,Proteobacteria
NZ_CP012596.1,37.76711918,Firmicutes
NZ_CP012626.1,13.00898852,Proteobacteria
NZ_CP012632.1,23.62636182,Proteobacteria
NZ_CP012636.1,9.630352144,Proteobacteria
NZ_CP012688.1,14.67758915,Proteobacteria
NZ_CP012711.1,63.98408813,Proteobacteria
NZ_CP012748.1,2.088162785,Proteobacteria
NZ_CP012915.1,3.739306923,Proteobacteria
NZ_CP012916.1,17.82007765,Proteobacteria
NZ_CP012917.1,11.2314437,Proteobacteria
NZ_CP012928.1,18.33439288,Proteobacteria
NZ_CP012940.1,14.42701117,Proteobacteria
NZ_CP012944.1,14.59033486,Proteobacteria
NZ_CP012971.1,49.16880725,Firmicutes
NZ_CP012973.1,49.16880725,Firmicutes
NZ_CP012975.1,59.4788236,Firmicutes
NZ_CP012977.1,59.4788236,Firmicutes
NZ_CP012980.1,48.96235521,Firmicutes
NZ_CP013027.1,8.257716368,Proteobacteria
NZ_CP013038.1,85.75424712,Firmicutes
NZ_CP013045.1,89.39544808,Firmicutes
NZ_CP013053.1,19.95554792,Proteobacteria
NZ_CP013054.1,1.514112411,Proteobacteria
NZ_CP013071.1,29.49690414,Proteobacteria
NZ_CP013072.1,19.17550493,Proteobacteria
NZ_CP013104.1,4.786085196,Proteobacteria
NZ_CP013109.1,24.78440853,Proteobacteria
NZ_CP013110.1,3.771477592,Proteobacteria
NZ_CP013139.1,9.907924375,Proteobacteria
NZ_CP013238.1,9.965923882,Firmicutes
NZ_CP013265.1,8.972818611,Proteobacteria
NZ_CP013266.1,12.70575528,Proteobacteria
NZ_CP013345.1,12.08788077,Proteobacteria
NZ_CP013381.1,33.71526708,Proteobacteria
NZ_CP013412.1,11.73823483,Proteobacteria
NZ_CP013415.1,13.71050732,Proteobacteria
NZ_CP013492.1,13.53972773,Proteobacteria
NZ_CP013493.1,8.470953566,Proteobacteria
NZ_CP013494.1,7.411861834,Proteobacteria
NZ_CP013497.1,13.50276625,Proteobacteria
NZ_CP013498.1,8.470953566,Proteobacteria
NZ_CP013499.1,7.411861834,Proteobacteria
NZ_CP013502.1,13.70654142,Proteobacteria
NZ_CP013503.1,8.470953566,Proteobacteria
NZ_CP013504.1,7.309214546,Proteobacteria
NZ_CP013508.1,13.6662108,Proteobacteria
NZ_CP013509.1,8.470953566,Proteobacteria
NZ_CP013510.1,7.324539396,Proteobacteria
NZ_CP013514.1,14.04307772,Proteobacteria
NZ_CP013515.1,8.999682894,Proteobacteria
NZ_CP013516.1,8.373808683,Proteobacteria
NZ_CP013519.1,13.61958235,Proteobacteria
NZ_CP013520.1,8.470953566,Proteobacteria
NZ_CP013521.1,7.283370258,Proteobacteria
NZ_CP013523.1,5.721735804,Proteobacteria
NZ_CP013525.1,10.36673582,Proteobacteria
NZ_CP013526.1,6.269819296,Proteobacteria
NZ_CP013529.1,9.77620923,Proteobacteria
NZ_CP013530.1,12.38459497,Proteobacteria
NZ_CP013531.1,5.120976558,Proteobacteria
NZ_CP013534.1,10.4700126,Proteobacteria
NZ_CP013535.1,12.22207928,Proteobacteria
NZ_CP013536.1,5.604308662,Proteobacteria
NZ_CP013539.1,10.30358633,Proteobacteria
NZ_CP013540.1,12.02032572,Proteobacteria
NZ_CP013541.1,4.811216969,Proteobacteria
NZ_CP013544.1,8.048900443,Proteobacteria
NZ_CP013545.1,10.47021519,Proteobacteria
NZ_CP013546.1,5.092682981,Proteobacteria
NZ_CP013549.1,10.4700126,Proteobacteria
NZ_CP013550.1,11.79458076,Proteobacteria
NZ_CP013551.1,5.604308662,Proteobacteria
NZ_CP013554.1,9.642535992,Proteobacteria
NZ_CP013555.1,2.67845528,Proteobacteria
NZ_CP013556.1,4.720836782,Proteobacteria
NZ_CP013560.1,10.66730084,Proteobacteria
NZ_CP013561.1,11.23914785,Proteobacteria
NZ_CP013562.1,4.5812379,Proteobacteria
NZ_CP013565.1,9.642535992,Proteobacteria
NZ_CP013566.1,2.68015126,Proteobacteria
NZ_CP013567.1,4.720836782,Proteobacteria
NZ_CP013571.1,10.44071999,Proteobacteria
NZ_CP013572.1,2.642926451,Proteobacteria
NZ_CP013573.1,4.627480193,Proteobacteria
NZ_CP013577.1,10.44071999,Proteobacteria
NZ_CP013578.1,2.642926451,Proteobacteria
NZ_CP013579.1,4.627480193,Proteobacteria
NZ_CP013582.1,9.77620923,Proteobacteria
NZ_CP013583.1,12.38459497,Proteobacteria
NZ_CP013584.1,5.120981323,Proteobacteria
NZ_CP013587.1,13.43951699,Proteobacteria
NZ_CP013588.1,10.56452662,Proteobacteria
NZ_CP013589.1,5.251441957,Proteobacteria
NZ_CP013592.1,13.70654142,Proteobacteria
NZ_CP013593.1,8.470953566,Proteobacteria
NZ_CP013594.1,7.309214546,Proteobacteria
NZ_CP013598.1,13.7040731,Proteobacteria
NZ_CP013599.1,8.470953566,Proteobacteria
NZ_CP013600.1,7.309372966,Proteobacteria
NZ_CP013604.1,14.04301289,Proteobacteria
NZ_CP013605.1,8.999793367,Proteobacteria
NZ_CP013606.1,8.373808683,Proteobacteria
NZ_CP013633.1,16.43180624,Proteobacteria
NZ_CP013634.1,4.38468603,Proteobacteria
NZ_CP013635.1,8.764734958,Proteobacteria
NZ_CP013639.1,17.93645563,Proteobacteria
NZ_CP013641.1,4.384051216,Proteobacteria
NZ_CP013642.1,8.840997717,Proteobacteria
NZ_CP013646.1,18.19807503,Proteobacteria
NZ_CP013648.1,4.374187446,Proteobacteria
NZ_CP013649.1,8.84098436,Proteobacteria
NZ_CP013716.1,49.59074319,Firmicutes
NZ_CP013739.1,57.4758277,Actinobacteria
NZ_CP013744.1,8.145452783,Actinobacteria
NZ_CP013746.1,22.18343579,Actinobacteria
NZ_CP013832.1,9.92556173,Proteobacteria
NZ_CP013855.1,55.72530462,Actinobacteria
NZ_CP013856.1,80.14913426,Actinobacteria
NZ_CP013917.1,8.814799756,Proteobacteria
NZ_CP013929.1,36.69727641,Proteobacteria
NZ_CP013941.1,11.40790514,Proteobacteria
NZ_CP013954.1,41.11771604,Firmicutes
NZ_CP013956.1,41.74879345,Firmicutes
NZ_CP014009.1,6.449124465,Proteobacteria
NZ_CP014011.1,6.318286466,Proteobacteria
NZ_CP014063.1,39.61032122,Firmicutes
NZ_CP014098.1,93.55116079,Proteobacteria
NZ_CP014142.1,14.56618997,Deinococcus-Thermus
NZ_CP014169.1,7.017763754,Proteobacteria
NZ_CP014208.1,7.118088069,Proteobacteria
NZ_CP014238.1,36.97635219,Proteobacteria
NZ_CP014283.1,22.43528012,Firmicutes
NZ_CP014284.1,7.279413016,Firmicutes
NZ_CP014289.1,100,Firmicutes
NZ_CP014308.1,5.429708069,Proteobacteria
NZ_CP014309.1,5.429311379,Proteobacteria
NZ_CP014310.1,1.803931616,Proteobacteria
NZ_CP014489.1,9.627200598,Proteobacteria
NZ_CP014527.1,18.62851186,Proteobacteria
NZ_CP014530.1,4.58853403,Firmicutes
NZ_CP014532.1,93.16863588,Firmicutes
NZ_CP014598.1,3.786349759,Proteobacteria
NZ_CP014599.1,7.929361523,Proteobacteria
NZ_CP014648.1,26.72567247,Proteobacteria
NZ_CP014703.1,5.495712083,Proteobacteria
NZ_CP014942.1,6.300673901,Actinobacteria
NZ_CP014997.1,53.67835444,Proteobacteria
NZ_CP015006.1,1.947185267,Proteobacteria
NZ_CP015007.1,4.574053199,Proteobacteria
NZ_CP015009.1,8.836673644,Proteobacteria
NZ_CP015032.1,9.783303293,Proteobacteria
NZ_CP015063.1,3.179267884,Proteobacteria
NZ_CP015083.1,15.29507882,Deinococcus-Thermus
NZ_CP015090.1,9.785324131,Proteobacteria
NZ_CP015116.1,14.87011098,Proteobacteria
NZ_CP015160.1,10.36384202,Proteobacteria
NZ_CP015177.1,7.742639448,Firmicutes
NZ_CP015203.1,9.641357018,Actinobacteria
NZ_CP015231.1,4.356661352,Proteobacteria
NZ_CP015236.1,33.21124435,Actinobacteria
NZ_CP015237.1,25.8691759,Actinobacteria
NZ_CP015251.1,5.848562176,Firmicutes
NZ_CP015254.1,12.61958219,Firmicutes
NZ_CP015274.1,97.94930933,Actinobacteria
NZ_CP015284.1,17.83019241,Firmicutes
NZ_CP015322.1,4.983828255,Proteobacteria
NZ_CP015351.1,6.846562461,Firmicutes
NZ_CP015368.1,52.0264693,Proteobacteria
NZ_CP015384.1,77.39072848,Proteobacteria
NZ_CP015389.1,21.9249531,Proteobacteria
NZ_CP015396.1,10.61475857,Proteobacteria
NZ_CP015419.1,35.79791981,Proteobacteria
NZ_CP015422.1,35.59662444,Proteobacteria
NZ_CP015439.1,14.76087209,Firmicutes
NZ_CP015440.1,15.66888736,Firmicutes
NZ_CP015530.1,9.996303439,Actinobacteria
NZ_CP015591.1,39.521517,Firmicutes
NZ_CP015592.1,27.7660983,Firmicutes
NZ_CP015729.1,66.49685855,Firmicutes
NZ_CP015730.1,55.05770333,Firmicutes
NZ_CP015737.1,1.740583589,Proteobacteria
NZ_CP015741.1,13.30551004,Proteobacteria
NZ_CP015742.1,21.48131119,Proteobacteria
NZ_CP015745.1,16.15465355,Proteobacteria
NZ_CP015746.1,18.30127409,Proteobacteria
NZ_CP015748.1,17.07106804,Proteobacteria
NZ_CP015754.1,43.47723491,Proteobacteria
NZ_CP015818.1,28.25356487,Firmicutes
NZ_CP015851.1,15.2735238,Proteobacteria
NZ_CP015867.1,63.31963992,Actinobacteria
NZ_CP015881.1,3.868348011,Proteobacteria
NZ_CP015885.1,21.87477497,Firmicutes
NZ_CP015940.1,29.12449218,Proteobacteria
NZ_CP015989.1,10.73323095,Proteobacteria
NZ_CP016031.1,17.00671368,Proteobacteria
NZ_CP016160.1,43.4763668,Proteobacteria
NZ_CP016164.1,5.060595004,Firmicutes
NZ_CP016313.1,6.076862937,Deinococcus-Thermus
NZ_CP016354.1,16.61771813,Actinobacteria
NZ_CP016365.1,17.6541944,Proteobacteria
NZ_CP016368.1,57.91681378,Proteobacteria
NZ_CP016407.1,17.2359047,Proteobacteria
NZ_CP016409.1,17.26818348,Proteobacteria
NZ_CP016411.1,17.57908426,Proteobacteria
NZ_CP016413.1,17.61544787,Proteobacteria
NZ_CP016453.1,3.725742348,Proteobacteria
NZ_CP016458.1,14.23675624,Proteobacteria
NZ_CP016482.1,6.595992175,Cyanobacteria
NZ_CP016500.1,6.4521015,Proteobacteria
NZ_CP016555.1,14.93371503,Proteobacteria
NZ_CP016560.1,34.99835939,Actinobacteria
NZ_CP016589.1,15.64348323,Firmicutes
NZ_CP016590.1,21.82927328,Firmicutes
NZ_CP016596.1,50.56137935,Firmicutes
NZ_CP016613.1,15.50718112,Proteobacteria
NZ_CP016630.1,54.67461966,Firmicutes
NZ_CP016685.1,38.09688627,Firmicutes
NZ_CP016715.1,13.39748822,Firmicutes
NZ_CP016726.1,11.439645,Firmicutes
NZ_CP016736.1,64.50979555,Firmicutes
NZ_CP016815.1,6.797480848,Proteobacteria
NZ_CP016821.1,6.450512347,Actinobacteria
NZ_CP016869.1,32.41470394,Proteobacteria
NZ_CP016871.1,24.99229584,Proteobacteria
NZ_CP016875.1,32.41422827,Proteobacteria
NZ_CP016890.1,6.608415025,Proteobacteria
NZ_CP016891.1,19.3122244,Proteobacteria
NZ_CP016898.1,28.35763964,Proteobacteria
NZ_CP016905.1,16.44688153,Proteobacteria
NZ_CP016915.1,13.23125143,Proteobacteria
NZ_CP017017.1,91.56174658,Firmicutes
NZ_CP017041.1,36.33883298,Actinobacteria
NZ_CP017076.1,3.655208765,Proteobacteria
NZ_CP017077.1,3.417342749,Proteobacteria
NZ_CP017078.1,5.811443675,Proteobacteria
NZ_CP017102.1,54.57187106,Proteobacteria
NZ_CP017103.1,8.300285218,Proteobacteria
NZ_CP017104.1,13.32921225,Proteobacteria
NZ_CP017105.1,2.258447826,Proteobacteria
NZ_CP017108.1,5.779375212,Firmicutes
NZ_CP017148.1,11.79555856,Proteobacteria
NZ_CP017242.1,27.1859202,Proteobacteria
NZ_CP017243.1,16.78844105,Proteobacteria
NZ_CP017244.1,2.478523383,Proteobacteria
NZ_CP017303.1,11.11023484,Actinobacteria
NZ_CP017304.1,16.52247937,Actinobacteria
NZ_CP017355.1,26.99096465,Firmicutes
NZ_CP017356.1,21.84833529,Firmicutes
NZ_CP017365.1,21.49233305,Firmicutes
NZ_CP017366.1,21.84833529,Firmicutes
NZ_CP017367.1,26.80488117,Firmicutes
NZ_CP017377.1,70.49899088,Firmicutes
NZ_CP017381.1,28.99446406,Firmicutes
NZ_CP017573.1,16.61776691,Firmicutes
NZ_CP017574.1,22.88421232,Firmicutes
NZ_CP017591.1,7.735334377,Proteobacteria
NZ_CP017753.1,15.39241307,Proteobacteria
NZ_CP017759.1,10.10074964,Proteobacteria
NZ_CP018064.1,15.55833726,Actinobacteria
NZ_CP018073.1,6.007468365,Firmicutes
NZ_CP018077.1,8.826197779,Proteobacteria
NZ_CP018081.1,9.375877824,Proteobacteria
NZ_CP018096.1,6.081585112,Proteobacteria
NZ_CP018225.1,11.28558914,Proteobacteria
NZ_CP018229.1,10.28099519,Proteobacteria
NZ_CP018230.1,8.355740479,Proteobacteria
NZ_CP018231.1,6.332154436,Proteobacteria
NZ_CP018234.1,15.87448847,Proteobacteria
NZ_CP018235.1,17.87479913,Proteobacteria
NZ_CP018338.1,7.153703475,Proteobacteria
NZ_CP018425.1,53.51669941,Proteobacteria
NZ_CP018431.1,100,Proteobacteria
NZ_CP018433.1,53.50618739,Proteobacteria
NZ_CP018445.1,93.03851947,Proteobacteria
NZ_CP018741.1,19.36920856,Firmicutes
NZ_CP018742.1,5.702193331,Firmicutes
NZ_CP018775.2,8.244350775,Proteobacteria
NZ_CP018781.1,13.37431957,Proteobacteria
NZ_CP018827.1,3.95016876,Firmicutes
NZ_CP018829.1,78.95137356,Firmicutes
NZ_CP018832.1,3.95016876,Firmicutes
NZ_CP018834.1,78.95137356,Firmicutes
NZ_CP018875.1,15.87199904,Firmicutes
NZ_CP018986.1,100,Proteobacteria
NZ_CP018994.1,9.308828373,Proteobacteria
NZ_CP019001.1,5.295699517,Proteobacteria
NZ_CP019010.1,20.96293904,Proteobacteria
NZ_CP019018.1,14.41246987,Proteobacteria
NZ_CP019037.1,7.080128002,Proteobacteria
NZ_CP019049.1,6.326411884,Proteobacteria
NZ_CP019223.1,85.89515381,Actinobacteria
NZ_CP019231.1,25.72586758,Firmicutes
NZ_CP019232.1,100,Firmicutes
NZ_CP019286.1,10.75921849,Euryarchaeota
NZ_CP019308.1,15.92693074,Proteobacteria
NZ_CP019310.1,17.35555158,Proteobacteria
NZ_CP019311.1,60.86387435,Proteobacteria
NZ_CP019315.1,27.10451377,Proteobacteria
NZ_CP019316.1,36.48947768,Proteobacteria
NZ_CP019318.1,92.09236153,Proteobacteria
NZ_CP019459.1,100,Actinobacteria
NZ_CP019461.1,100,Actinobacteria
NZ_CP019462.1,100,Actinobacteria
NZ_CP019463.1,100,Actinobacteria
NZ_CP019464.1,100,Actinobacteria
NZ_CP019564.1,37.66095459,Firmicutes
NZ_CP019586.1,2.019587277,Proteobacteria
NZ_CP019631.1,10.58327111,Proteobacteria
NZ_CP019729.1,74.54011742,Firmicutes
NZ_CP019912.1,0.732079398,Proteobacteria
NZ_CP019949.1,48.30677462,Proteobacteria
NZ_CP020021.1,37.27414274,Firmicutes
NZ_CP020031.1,42.83430826,Firmicutes
NZ_CP020040.1,17.27236283,Actinobacteria
NZ_CP020041.1,8.781935731,Actinobacteria
NZ_CP020043.1,88.83559582,Actinobacteria
NZ_CP020044.1,93.04565224,Actinobacteria
NZ_CP020066.1,16.08246288,Proteobacteria
NZ_CP020075.1,31.46133623,Proteobacteria
NZ_CP020331.1,11.03360598,Proteobacteria
NZ_CP020385.1,18.58633589,Proteobacteria
NZ_CP020460.1,40.1544082,Firmicutes
NZ_CP020539.1,3.234583964,Proteobacteria
NZ_CP020540.1,10.60329888,Proteobacteria
NZ_CP020613.1,22.80649486,Proteobacteria
NZ_CP020744.1,19.77913849,Firmicutes
NZ_CP020745.1,41.67767908,Firmicutes
NZ_CP020859.1,3.874010507,Firmicutes
NZ_CP020898.1,3.092534183,Proteobacteria
NZ_CP020899.1,9.718745097,Proteobacteria
NZ_CP020900.1,4.810992959,Proteobacteria
NZ_CP020909.1,4.355856641,Proteobacteria
NZ_CP020910.1,8.559091872,Proteobacteria
NZ_CP020911.1,5.629042626,Proteobacteria
NZ_CP020934.1,9.537704202,Proteobacteria
NZ_CP020949.1,5.365645109,Proteobacteria
NZ_CP020950.1,7.476983949,Proteobacteria
NZ_CP020951.1,7.674643505,Proteobacteria
NZ_CP020952.1,7.492406674,Proteobacteria
NZ_CP021027.1,16.61450654,Proteobacteria
NZ_CP021028.1,16.78048568,Proteobacteria
NZ_CP021029.1,12.81499478,Proteobacteria
NZ_CP021031.1,6.808598945,Proteobacteria
NZ_CP021032.1,2.846387198,Proteobacteria
NZ_CP021033.1,4.948172978,Proteobacteria
NZ_CP021062.1,28.68737631,Firmicutes
NZ_CP021063.1,33.15974368,Firmicutes
NZ_CP021071.1,4.116216384,Proteobacteria
NZ_CP021125.1,12.31829696,Proteobacteria
NZ_CP021126.1,9.068109793,Proteobacteria
NZ_CP021127.1,8.387688949,Proteobacteria
NZ_CP021212.1,12.11029713,Proteobacteria
NZ_CP021214.1,23.8210106,Proteobacteria
NZ_CP021216.1,30.70441948,Proteobacteria
NZ_CP021217.1,3.238657354,Proteobacteria
NZ_CP021218.1,2.135328575,Proteobacteria
NZ_CP021253.1,100,Actinobacteria
NZ_CP021449.1,12.11712006,Proteobacteria
NZ_CP021548.1,40.09631953,Proteobacteria
NZ_CP021756.1,51.63485331,Proteobacteria
NZ_CP021779.1,44.70322065,Proteobacteria
NZ_CP021794.1,2.519145576,Proteobacteria
NZ_CP021795.1,3.254844509,Proteobacteria
NZ_CP021798.1,1.136453637,Proteobacteria
NZ_CP021799.1,1.970454487,Proteobacteria
NZ_CP021801.1,1.459761522,Proteobacteria
NZ_CP021802.1,2.208427251,Proteobacteria
NZ_CP021803.1,21.19060091,Proteobacteria
NZ_CP021805.1,5.735023347,Proteobacteria
NZ_CP021806.1,3.361404255,Proteobacteria
NZ_CP021807.1,32.87699778,Proteobacteria
NZ_CP021809.1,1.330736522,Proteobacteria
NZ_CP021810.1,2.667801348,Proteobacteria
NZ_CP021811.1,8.347600834,Proteobacteria
NZ_CP021819.1,4.266391859,Proteobacteria
NZ_CP021820.1,2.64129225,Proteobacteria
NZ_CP021821.1,13.54172422,Proteobacteria
NZ_CP021823.1,1.966763724,Proteobacteria
NZ_CP021824.1,1.290926392,Proteobacteria
NZ_CP021827.1,1.210965185,Proteobacteria
NZ_CP021828.1,2.038821205,Proteobacteria
NZ_CP021830.1,5.207378394,Proteobacteria
NZ_CP021831.1,1.362781233,Proteobacteria
NZ_CP021837.1,64.04295724,Proteobacteria
NZ_CP021860.1,47.21806942,Proteobacteria
NZ_CP021880.1,8.506984402,Proteobacteria
NZ_CP021906.1,37.44634413,Firmicutes
NZ_CP021908.1,37.44634413,Firmicutes
NZ_CP021938.1,14.50782018,Proteobacteria
NZ_CP021998.2,75.76751987,Firmicutes
NZ_CP022118.1,17.18766509,Proteobacteria
NZ_CP022140.1,10.47127579,Proteobacteria
NZ_CP022166.1,8.302423628,Proteobacteria
NZ_CP022224.1,90.66746126,Actinobacteria
NZ_CP022308.1,9.638531655,Proteobacteria
NZ_CP022346.1,7.075000766,Firmicutes
NZ_CP022370.1,10.92004842,Proteobacteria
NZ_CP022371.1,18.37726495,Proteobacteria
NZ_CP022419.1,12.41934405,Proteobacteria
NZ_CP022429.1,7.177361387,Proteobacteria
NZ_CP022446.1,20.36740477,Firmicutes
NZ_CP022542.1,15.6784297,Proteobacteria
NZ_CP022565.1,4.506408313,Proteobacteria
NZ_CP022566.1,4.001862431,Proteobacteria
NZ_CP022567.1,9.451028938,Proteobacteria
NZ_CP022666.1,6.460491799,Proteobacteria
NZ_CP022667.1,3.635543497,Proteobacteria
NZ_CP022669.1,21.76356157,Proteobacteria
NZ_CP022984.1,16.797795,Firmicutes
NZ_CP022991.1,6.44289085,Proteobacteria
NZ_CP022999.1,6.27105002,Proteobacteria
NZ_CP023000.1,6.946409955,Proteobacteria
NZ_CP023064.1,5.405004059,Proteobacteria
NZ_CP023065.1,9.400934571,Proteobacteria
NZ_CP023068.1,5.435510484,Proteobacteria
NZ_CP023069.1,16.98650839,Proteobacteria
NZ_CP023071.1,2.915694651,Proteobacteria
NZ_CP023072.1,14.90200512,Proteobacteria
NZ_CP023145.1,16.53608342,Proteobacteria
NZ_CP023152.1,32.11189308,Actinobacteria
NZ_FO818638.1,36.96981664,Proteobacteria
NZ_FO834905.1,11.88384839,Proteobacteria
NZ_HG916853.1,13.61026324,Proteobacteria
NZ_HG916854.1,4.14984726,Proteobacteria
NZ_HG916855.1,3.194360336,Proteobacteria
NZ_HG938354.1,1.208810972,Proteobacteria
NZ_HG938356.1,1.332976148,Proteobacteria
NZ_HG938357.1,6.253458771,Proteobacteria
NZ_KP100338.1,75.01819876,Proteobacteria
NZ_LK021128.1,64.59325129,Proteobacteria
NZ_LN609303.1,12.76371373,Proteobacteria
NZ_LN614828.1,7.927592865,Proteobacteria
NZ_LN681226.1,17.00697556,Proteobacteria
NZ_LN831788.1,47.52807688,Actinobacteria
NZ_LN831789.1,15.32073874,Actinobacteria
NZ_LN868939.1,13.99732649,Actinobacteria
NZ_LN890519.1,48.84969015,Proteobacteria
NZ_LN890521.1,48.84992306,Proteobacteria
NZ_LN890523.1,75.11781683,Proteobacteria
NZ_LN907828.1,6.13888145,Proteobacteria
NZ_LT009691.1,40.07162599,Firmicutes
NZ_LT598658.1,16.05392629,Proteobacteria
NZ_LT598664.1,5.206108961,Firmicutes
NZ_LT599050.1,100,Firmicutes
NZ_LT599051.1,100,Firmicutes
NZ_LT599053.1,17.02093977,Firmicutes
NZ_LT604075.1,4.258945871,Firmicutes
NZ_LT703509.1,87.59244867,Actinobacteria
NZ_LT838199.1,13.76101919,Proteobacteria